{"obr": {"postprocessing": {"nCells": 1000000, "decomposition": {"nSubDomains": 32}, "runs": [{"timestamp": "2023-06-26_15:12:49", "host": "nla-gpu2.ianm.kit.edu", "MatrixAssemblyU": 3.412578947368421, "MomentumPredictor": 39.11621052631579, "SolveP": 232.43673684210526, "MatrixAssemblyPI:": 7.0632631578947365, "MatrixAssemblyPII:": 3.6302105263157896, "TimeStep": 522.8295789473684, "init_p": 0.14527525263157898, "init_pFinal": 0.12752209789473684, "final_p": 9.748374210526317e-05, "final_pFinal": 9.81878052631579e-05, "iter_p": 490.94736842105266, "iter_pFinal": 445.36842105263156}]}}}