{"obr": {"postprocessing": {"nCells": 27000000, "decomposition": {"nSubDomains": 8}, "runs": [{"timestamp": "2023-06-27_02:02:34", "host": "nla-gpu2.ianm.kit.edu", "MatrixAssemblyU": 879.2941578947368, "MomentumPredictor": 6714.665263157895, "SolveP": 219022.2105263158, "MatrixAssemblyPI:": 980.0202105263157, "MatrixAssemblyPII:": 280.2622105263158, "TimeStep": 447629.4210526316, "init_p": 0.8962224210526316, "init_pFinal": 0.8360950526315789, "final_p": 9.837539999999998e-05, "final_pFinal": 9.877934736842104e-05, "iter_p": 2179.8947368421054, "iter_pFinal": 2170.0, "cont_error_local": 1.39812e-08, "cont_error_global": 3.25987e-22, "cont_error_cumulative": 2.43299e-20}]}}}