{"obr": {"postprocessing": {"nCells": null, "decomposition": {"nSubDomains": 8}, "runs": [{"timestamp": "2023-06-25_20:29:57", "host": "nla-gpu2.ianm.kit.edu", "MatrixAssemblyU": 2894.2856458333335, "MomentumPredictor": 2724.2226458333334, "SolveP": 704.9235833333333, "MatrixAssemblyPI:": 627.2185416666666, "MatrixAssemblyPII:": 305.38489583333336, "TimeStep": 9357.7369375, "p: update_local_matrix_data:": 76.68833333333333, "p: update_non_local_matrix_data:": 0.1118125, "p_matrix: call_update:": 13.633770833333335, "p_rhs: call_update:": 15.61447916666667, "p: init_precond:": 0.6540833333333335, "p: generate_solver:": 0.0015208333333333335, "p: solve:": 572.4217083333333, "p: copy_x_back:": 7.574770833333333, "p: solve_multi_gpu": 610.7386666666667, "init_p": 0.05685760810067648, "init_pFinal": 0.05658097152134933, "final_p": 0.0005238450753259836, "final_pFinal": 0.0005025243753734992, "iter_p": 396.0, "iter_pFinal": 378.875}]}}}