{"obr": {"postprocessing": {"nCells": 27000000, "decomposition": {"nSubDomains": 64}, "runs": [{"timestamp": "2023-07-02_11:07:37", "host": "guyot", "MatrixAssemblyU": 403.6042631578947, "MomentumPredictor": 2853.939473684211, "SolveP": 95683.32105263158, "MatrixAssemblyPI:": 436.40678947368417, "MatrixAssemblyPII:": 124.277, "TimeStep": 196037.15789473685, "init_p": 0.9029354210526314, "init_pFinal": 0.8410687894736842, "final_p": 9.874456315789474e-05, "final_pFinal": 9.851414736842104e-05, "iter_p": 2171.8947368421054, "iter_pFinal": 2169.1052631578946, "cont_error_local": 1.46e-08, "cont_error_global": 1.68939e-21, "cont_error_cumulative": 1.9905e-20}]}}}