{"obr": {"postprocessing": {"nCells": 1000000, "decomposition": {"nSubDomains": 32}, "runs": [{"timestamp": "2023-07-01_10:25:35", "host": "guyot", "MatrixAssemblyU": 16.221999999999998, "MomentumPredictor": 79.47026315789476, "SolveP": 2354.8015789473684, "MatrixAssemblyPI:": 15.681157894736842, "MatrixAssemblyPII:": 4.7407894736842096, "TimeStep": 4790.38894736842, "p: update_local_matrix_data:": 3.084368421052632, "p: update_non_local_matrix_data:": 0.11557894736842106, "p_matrix: call_update:": 12.930736842105265, "p_rhs: call_update:": 2.1800526315789477, "p: init_precond:": 0.0526842105263158, "p: generate_solver:": 0.001631578947368421, "p: solve:": 2332.0005263157896, "p: copy_x_back:": 0.13089473684210526, "p: solve_multi_gpu": 2349.6936842105265, "init_p": 0.1450771694736842, "init_pFinal": 0.12733898789473683, "final_p": 7.705630000000002e-05, "final_pFinal": 7.590766842105264e-05, "iter_p": 504.36842105263156, "iter_pFinal": 488.8421052631579, "cont_error_local": 1.30883e-08, "cont_error_global": -1.28668e-21, "cont_error_cumulative": -1.19048e-19}]}}}