{"obr": {"postprocessing": {"nCells": 1000000, "decomposition": {"nSubDomains": 64}, "runs": [{"timestamp": "2023-07-02_08:52:44", "host": "guyot", "MatrixAssemblyU": 5.906105263157895, "MomentumPredictor": 24.460947368421056, "SolveP": 112.08278947368423, "MatrixAssemblyPI:": 5.730473684210526, "MatrixAssemblyPII:": 1.612, "TimeStep": 272.6616315789474, "init_p": 0.14605583315789475, "init_pFinal": 0.1281336852631579, "final_p": 9.799380526315791e-05, "final_pFinal": 9.763296842105262e-05, "iter_p": 404.42105263157896, "iter_pFinal": 400.6842105263158, "cont_error_local": 1.44646e-08, "cont_error_global": 3.11051e-21, "cont_error_cumulative": 2.55527e-20}]}}}