{"obr": {"postprocessing": {"nCells": 8000000, "decomposition": {"nSubDomains": 16}, "runs": [{"timestamp": "2023-06-27_02:00:50", "host": "nla-gpu2.ianm.kit.edu", "MatrixAssemblyU": 127.5145263157895, "MomentumPredictor": 929.8498421052632, "SolveP": 1668.3004210526315, "MatrixAssemblyPI:": 139.93705263157895, "MatrixAssemblyPII:": 40.81699999999999, "TimeStep": 4869.208947368422, "p: update_local_matrix_data:": 23.234263157894734, "p: update_non_local_matrix_data:": 0.17173684210526316, "p_matrix: call_update:": 8.102526315789474, "p_rhs: call_update:": 3.9978947368421056, "p: init_precond:": 0.06531578947368422, "p: generate_solver:": 0.004526315789473685, "p: solve:": 1626.4910526315787, "p: copy_x_back:": 1.794105263157895, "p: solve_multi_gpu": 1639.124842105263, "init_p": 0.49089842105263165, "init_pFinal": 0.445828052631579, "final_p": 8.560537368421052e-05, "final_pFinal": 8.651133684210526e-05, "iter_p": 1322.6842105263158, "iter_pFinal": 1296.4736842105262}]}}}