{"obr": {"postprocessing": {"nCells": 8000000, "decomposition": {"nSubDomains": 64}, "runs": [{"timestamp": "2023-07-01_19:52:56", "host": "guyot", "MatrixAssemblyU": 108.96126315789475, "MomentumPredictor": 728.2225789473684, "SolveP": 9569.04947368421, "MatrixAssemblyPI:": 114.43578947368422, "MatrixAssemblyPII:": 33.793, "TimeStep": 20314.0, "init_p": 0.508653105263158, "init_pFinal": 0.461451947368421, "final_p": 9.807265263157894e-05, "final_pFinal": 9.828991052631578e-05, "iter_p": 1307.1052631578948, "iter_pFinal": 1299.1052631578948, "cont_error_local": 4.14166e-09, "cont_error_global": -5.57286e-21, "cont_error_cumulative": -1.28713e-19}]}}}