{"obr": {"postprocessing": {"nCells": 64000000, "decomposition": {"nSubDomains": 16}, "runs": [{"timestamp": "2023-06-27_04:33:03", "host": "nla-gpu2.ianm.kit.edu", "MatrixAssemblyU": 1043.6405263157897, "MomentumPredictor": 8915.045263157896, "SolveP": 337229.3157894737, "MatrixAssemblyPI:": 1165.9405263157894, "MatrixAssemblyPII:": 329.83352631578947, "TimeStep": 686073.6315789474, "init_p": 0.9653088421052631, "init_pFinal": 0.9087744736842106, "final_p": 9.899836842105262e-05, "final_pFinal": 9.898483157894734e-05, "iter_p": 2821.4210526315787, "iter_pFinal": 2816.8947368421054, "cont_error_local": 1.32889e-07, "cont_error_global": 1.03235e-21, "cont_error_cumulative": 3.12376e-20}]}}}