{"obr": {"postprocessing": {"nCells": 27000000, "decomposition": {"nSubDomains": 32}, "runs": [{"timestamp": "2023-07-02_08:52:52", "host": "guyot", "MatrixAssemblyU": 794.8509473684211, "MomentumPredictor": 5800.841578947368, "SolveP": 196602.42105263157, "MatrixAssemblyPI:": 875.5492631578949, "MatrixAssemblyPII:": 250.24573684210526, "TimeStep": 401348.5789473684, "init_p": 0.8985643157894738, "init_pFinal": 0.838336052631579, "final_p": 9.863897368421053e-05, "final_pFinal": 9.854682105263158e-05, "iter_p": 2176.5263157894738, "iter_pFinal": 2170.1052631578946, "cont_error_local": 1.43281e-08, "cont_error_global": 3.08725e-22, "cont_error_cumulative": 1.87621e-20}]}}}