{"nCells":{"0":64000000.0,"1":64000000.0,"2":64000000.0,"3":64000000.0,"4":64000000.0,"5":64000000.0,"6":64000000.0,"7":64000000.0,"8":64000000.0,"9":64000000.0,"10":64000000.0,"11":125000000.0,"12":125000000.0,"13":125000000.0,"14":125000000.0,"15":125000000.0,"16":125000000.0,"17":125000000.0,"18":125000000.0,"19":125000000.0,"20":125000000.0,"21":125000000.0,"22":125000000.0},"nProcs":{"0":8.0,"1":16.0,"2":40.0,"3":76.0,"4":80.0,"5":152.0,"6":152.0,"7":380.0,"8":380.0,"9":760.0,"10":760.0,"11":8.0,"12":16.0,"13":40.0,"14":76.0,"15":76.0,"16":80.0,"17":152.0,"18":152.0,"19":380.0,"20":380.0,"21":760.0,"22":760.0},"nNodes":{"0":1.0,"1":2.0,"2":5.0,"3":1.0,"4":10.0,"5":2.0,"6":2.0,"7":5.0,"8":5.0,"9":10.0,"10":10.0,"11":1.0,"12":2.0,"13":5.0,"14":1.0,"15":1.0,"16":10.0,"17":2.0,"18":2.0,"19":5.0,"20":5.0,"21":10.0,"22":10.0},"executor":{"0":"cuda","1":"cuda","2":"cuda","3":"CPU","4":"cuda","5":"CPU","6":"CPU","7":"CPU","8":"CPU","9":"CPU","10":"CPU","11":"cuda","12":"CPU","13":"cuda","14":"CPU","15":"CPU","16":"cuda","17":"CPU","18":"CPU","19":"CPU","20":"CPU","21":"CPU","22":"CPU"},"preconditioner":{"0":"none","1":"none","2":"none","3":"none","4":"none","5":"GaussSeidel","6":"none","7":"GaussSeidel","8":"none","9":"GaussSeidel","10":"none","11":"none","12":"GaussSeidel","13":"none","14":"GaussSeidel","15":"none","16":"none","17":"GaussSeidel","18":"none","19":"GaussSeidel","20":"none","21":"GaussSeidel","22":"none"},"TimeStep":{"0":69799.2,"1":41148.985,"2":30399.005,"3":334223.3,"4":21876.295,"5":9768.1135,"6":144843.045,"7":4010.411,"8":49611.28,"9":4578.461,"10":20592.52,"11":139039.87,"12":170682.25,"13":56487.405,"14":430983.55,"15":800652.5294117647,"16":35279.0,"17":23150.245,"18":360331.0526315789,"19":8461.015,"20":141192.23,"21":11889.8695,"22":70312.46},"SolveP":{"0":23506.9605,"1":15322.645,"2":13097.69925,"3":164235.8775,"4":9991.47,"5":3493.78325,"6":71029.0425,"7":1467.523775,"8":24278.06,"9":2000.206,"10":10007.85325,"11":45455.51,"12":74676.98,"13":24055.1525,"14":209632.225,"15":394449.8235294117,"16":15653.99425,"17":8750.438,"18":177332.3289473684,"19":3168.21825,"20":69535.52,"21":5337.10225,"22":34556.23},"MomentumPredictor":{"0":14570.2368421053,"1":6505.2747368421,"2":2584.8194736842,"3":3425.4689473684,"4":1184.5515789474,"5":1716.5763157895,"6":1710.5789473684,"7":651.0762631579,"8":630.2394210526,"9":339.7034736842,"10":336.1357368421,"11":32472.6210526316,"12":13138.0578947368,"13":5158.4131578947,"14":6811.6047368421,"15":6936.245,"16":2410.6705263158,"17":3568.6947368421,"18":3583.3961111111,"19":1295.2457894737,"20":1283.4905263158,"21":731.3233157895,"22":717.1358421053},"PISOStep":{"0":26868.37,"1":16958.886,"2":13762.73325,"3":165197.9875,"4":10279.949,"5":3931.853,"6":71470.8275,"7":1640.56075,"8":24450.0475,"9":2098.51825,"10":10106.714,"11":51962.6075,"12":78030.6575,"13":25384.5875,"14":211630.975,"15":396437.0588235294,"16":16289.5145,"17":9611.4555,"18":178197.8052631579,"19":3506.88225,"20":69876.4275,"21":5537.2775,"22":34755.5275},"Host":{"0":"hkn","1":"hkn","2":"hkn","3":"hkn","4":"hkn","5":"hkn","6":"hkn","7":"hkn","8":"hkn","9":"hkn","10":"hkn","11":"hkn","12":"hkn","13":"hkn","14":"hkn","15":"hkn","16":"hkn","17":"hkn","18":"hkn","19":"hkn","20":"hkn","21":"hkn","22":"hkn"},"solver_p":{"0":"GKOCG","1":"GKOCG","2":"GKOCG","3":"PCG","4":"GKOCG","5":"GAMG","6":"PCG","7":"GAMG","8":"PCG","9":"GAMG","10":"PCG","11":"GKOCG","12":"GAMG","13":"GKOCG","14":"GAMG","15":"PCG","16":"GKOCG","17":"GAMG","18":"PCG","19":"GAMG","20":"PCG","21":"GAMG","22":"PCG"},"p_NoIterations":{"0":2898.8205128205,"1":2893.6153846154,"2":2897.6666666667,"3":2930.4358974359,"4":2917.0769230769,"5":28.0256410256,"6":2860.3846153846,"7":28.0769230769,"8":2835.358974359,"9":55.7948717949,"10":2822.2564102564,"11":3648.0,"12":74.9230769231,"13":3643.5384615385,"14":385.3333333333,"15":3584.6363636364,"16":3669.641025641,"17":34.5384615385,"18":3509.4054054054,"19":31.7692307692,"20":3644.7692307692,"21":79.6666666667,"22":3590.5641025641}}
