{"nCells":{"0":64000000.0,"1":64000000.0,"2":64000000.0,"3":64000000.0,"4":64000000.0,"5":64000000.0,"6":64000000.0,"7":64000000.0,"8":64000000.0,"9":64000000.0,"10":64000000.0,"11":125000000.0,"12":125000000.0,"13":125000000.0,"14":125000000.0,"15":125000000.0,"16":125000000.0,"17":125000000.0,"18":125000000.0,"19":125000000.0,"20":125000000.0,"21":125000000.0,"22":125000000.0,"23":125000000.0},"nProcs":{"0":8.0,"1":16.0,"2":40.0,"3":76.0,"4":80.0,"5":152.0,"6":152.0,"7":380.0,"8":380.0,"9":760.0,"10":760.0,"11":8.0,"12":16.0,"13":16.0,"14":40.0,"15":76.0,"16":76.0,"17":80.0,"18":152.0,"19":152.0,"20":380.0,"21":380.0,"22":760.0,"23":760.0},"nNodes":{"0":1.0,"1":2.0,"2":5.0,"3":1.0,"4":10.0,"5":2.0,"6":2.0,"7":5.0,"8":5.0,"9":10.0,"10":10.0,"11":1.0,"12":2.0,"13":2.0,"14":5.0,"15":1.0,"16":1.0,"17":10.0,"18":2.0,"19":2.0,"20":5.0,"21":5.0,"22":10.0,"23":10.0},"executor":{"0":"cuda","1":"cuda","2":"cuda","3":"CPU","4":"cuda","5":"CPU","6":"CPU","7":"CPU","8":"CPU","9":"CPU","10":"CPU","11":"cuda","12":"CPU","13":"CPU","14":"cuda","15":"CPU","16":"CPU","17":"cuda","18":"CPU","19":"CPU","20":"CPU","21":"CPU","22":"CPU","23":"CPU"},"preconditioner":{"0":"none","1":"none","2":"none","3":"none","4":"none","5":"GaussSeidel","6":"none","7":"GaussSeidel","8":"none","9":"GaussSeidel","10":"none","11":"none","12":"GaussSeidel","13":"none","14":"none","15":"GaussSeidel","16":"none","17":"none","18":"GaussSeidel","19":"none","20":"GaussSeidel","21":"none","22":"GaussSeidel","23":"none"},"TimeStep":{"0":69799.2,"1":41148.985,"2":30399.005,"3":334223.3,"4":21876.295,"5":9768.1135,"6":144843.045,"7":4010.411,"8":49611.28,"9":4578.461,"10":20592.52,"11":133455.845,"12":170682.25,"13":704999.5,"14":56487.405,"15":430983.55,"16":800652.5294117647,"17":35279.0,"18":23150.245,"19":360331.0526315789,"20":8461.015,"21":141192.23,"22":11889.8695,"23":70312.46},"SolveP":{"0":23506.9605,"1":15322.645,"2":13097.69925,"3":164235.8775,"4":9991.47,"5":3493.78325,"6":71029.0425,"7":1467.523775,"8":24278.06,"9":2000.206,"10":10007.85325,"11":45658.735,"12":74676.98,"13":557180.6666666666,"14":24055.1525,"15":209632.225,"16":394449.8235294117,"17":15653.99425,"18":8750.438,"19":177332.3289473684,"20":3168.21825,"21":69535.52,"22":5337.10225,"23":34556.23},"MomentumPredictor":{"0":14570.2368421053,"1":6505.2747368421,"2":2584.8194736842,"3":3425.4689473684,"4":1184.5515789474,"5":1716.5763157895,"6":1710.5789473684,"7":651.0762631579,"8":630.2394210526,"9":339.7034736842,"10":336.1357368421,"11":26032.8736842105,"12":13138.0578947368,"13":13090.42,"14":5158.4131578947,"15":6811.6047368421,"16":6936.245,"17":2410.6705263158,"18":3568.6947368421,"19":3583.3961111111,"20":1295.2457894737,"21":1283.4905263158,"22":731.3233157895,"23":717.1358421053},"PISOStep":{"0":26868.37,"1":16958.886,"2":13762.73325,"3":165197.9875,"4":10279.949,"5":3931.853,"6":71470.8275,"7":1640.56075,"8":24450.0475,"9":2098.51825,"10":10106.714,"11":52197.3325,"12":78030.6575,"13":560534.5833333334,"14":25384.5875,"15":211630.975,"16":396437.0588235294,"17":16289.5145,"18":9611.4555,"19":178197.8052631579,"20":3506.88225,"21":69876.4275,"22":5537.2775,"23":34755.5275},"Host":{"0":"hkn","1":"hkn","2":"hkn","3":"hkn","4":"hkn","5":"hkn","6":"hkn","7":"hkn","8":"hkn","9":"hkn","10":"hkn","11":"hkn","12":"hkn","13":"hkn","14":"hkn","15":"hkn","16":"hkn","17":"hkn","18":"hkn","19":"hkn","20":"hkn","21":"hkn","22":"hkn","23":"hkn"},"solver_p":{"0":"GKOCG","1":"GKOCG","2":"GKOCG","3":"PCG","4":"GKOCG","5":"GAMG","6":"PCG","7":"GAMG","8":"PCG","9":"GAMG","10":"PCG","11":"GKOCG","12":"GAMG","13":"PCG","14":"GKOCG","15":"GAMG","16":"PCG","17":"GKOCG","18":"GAMG","19":"PCG","20":"GAMG","21":"PCG","22":"GAMG","23":"PCG"},"p_NoIterations":{"0":2898.8205128205,"1":2893.6153846154,"2":2897.6666666667,"3":2930.4358974359,"4":2917.0769230769,"5":28.0256410256,"6":2860.3846153846,"7":28.0769230769,"8":2835.358974359,"9":55.7948717949,"10":2822.2564102564,"11":3648.3846153846,"12":74.9230769231,"13":3010.2727272727,"14":3643.5384615385,"15":385.3333333333,"16":3584.6363636364,"17":3669.641025641,"18":34.5384615385,"19":3509.4054054054,"20":31.7692307692,"21":3644.7692307692,"22":79.6666666667,"23":3590.5641025641}}
