{"nCells":{"0":64000000.0,"1":64000000.0,"2":64000000.0,"3":64000000.0,"4":64000000.0,"5":64000000.0,"6":64000000.0,"7":64000000.0,"8":64000000.0,"9":64000000.0,"10":64000000.0,"11":64000000.0,"12":125000000.0,"13":125000000.0,"14":125000000.0,"15":125000000.0,"16":125000000.0,"17":125000000.0,"18":125000000.0,"19":125000000.0,"20":125000000.0,"21":125000000.0,"22":125000000.0,"23":125000000.0,"24":125000000.0},"nProcs":{"0":8.0,"1":16.0,"2":40.0,"3":76.0,"4":76.0,"5":80.0,"6":152.0,"7":152.0,"8":380.0,"9":380.0,"10":760.0,"11":760.0,"12":8.0,"13":16.0,"14":16.0,"15":40.0,"16":76.0,"17":76.0,"18":80.0,"19":152.0,"20":152.0,"21":380.0,"22":380.0,"23":760.0,"24":760.0},"nNodes":{"0":1.0,"1":2.0,"2":5.0,"3":1.0,"4":1.0,"5":10.0,"6":2.0,"7":2.0,"8":5.0,"9":5.0,"10":10.0,"11":10.0,"12":1.0,"13":2.0,"14":2.0,"15":5.0,"16":1.0,"17":1.0,"18":10.0,"19":2.0,"20":2.0,"21":5.0,"22":5.0,"23":10.0,"24":10.0},"executor":{"0":"cuda","1":"cuda","2":"cuda","3":"CPU","4":"CPU","5":"cuda","6":"CPU","7":"CPU","8":"CPU","9":"CPU","10":"CPU","11":"CPU","12":"cuda","13":"CPU","14":"cuda","15":"cuda","16":"CPU","17":"CPU","18":"cuda","19":"CPU","20":"CPU","21":"CPU","22":"CPU","23":"CPU","24":"CPU"},"preconditioner":{"0":"none","1":"none","2":"none","3":"GaussSeidel","4":"none","5":"none","6":"GaussSeidel","7":"none","8":"GaussSeidel","9":"none","10":"GaussSeidel","11":"none","12":"none","13":"GaussSeidel","14":"none","15":"none","16":"GaussSeidel","17":"none","18":"none","19":"GaussSeidel","20":"none","21":"GaussSeidel","22":"none","23":"GaussSeidel","24":"none"},"TimeStep":{"0":69799.2,"1":41148.985,"2":30399.005,"3":171107.83,"4":334223.3,"5":21876.295,"6":9768.1135,"7":144843.045,"8":4010.411,"9":49611.28,"10":4578.461,"11":20592.52,"12":139039.87,"13":170682.25,"14":76899.385,"15":56487.405,"16":420484.25,"17":822130.2,"18":35279.0,"19":23150.245,"20":360331.0526315789,"21":8461.015,"22":141192.23,"23":11889.8695,"24":70312.46},"SolveP":{"0":23506.9605,"1":15322.645,"2":13097.69925,"3":82688.2025,"4":164235.8775,"5":9991.47,"6":3493.78325,"7":71029.0425,"8":1467.523775,"9":24278.06,"10":2000.206,"11":10007.85325,"12":45455.51,"13":74676.98,"14":27896.9925,"15":24055.1525,"16":204525.225,"17":405092.625,"18":15653.99425,"19":8750.438,"20":177332.3289473684,"21":3168.21825,"22":69535.52,"23":5337.10225,"24":34556.23},"MomentumPredictor":{"0":14570.2368421053,"1":6505.2747368421,"2":2584.8194736842,"3":3399.5131578947,"4":3425.4689473684,"5":1184.5515789474,"6":1716.5763157895,"7":1710.5789473684,"8":651.0762631579,"9":630.2394210526,"10":339.7034736842,"11":336.1357368421,"12":32472.6210526316,"13":13138.0578947368,"14":13032.7,"15":5158.4131578947,"16":6634.6042105263,"17":7027.1021052632,"18":2410.6705263158,"19":3568.6947368421,"20":3583.3961111111,"21":1295.2457894737,"22":1283.4905263158,"23":731.3233157895,"24":717.1358421053},"PISOStep":{"0":26868.37,"1":16958.886,"2":13762.73325,"3":83648.365,"4":165197.9875,"5":10279.949,"6":3931.853,"7":71470.8275,"8":1640.56075,"9":24450.0475,"10":2098.51825,"11":10106.714,"12":51962.6075,"13":78030.6575,"14":31173.435,"15":25384.5875,"16":206474.5,"17":407110.25,"18":16289.5145,"19":9611.4555,"20":178197.8052631579,"21":3506.88225,"22":69876.4275,"23":5537.2775,"24":34755.5275},"Host":{"0":"hkn","1":"hkn","2":"hkn","3":"hkn","4":"hkn","5":"hkn","6":"hkn","7":"hkn","8":"hkn","9":"hkn","10":"hkn","11":"hkn","12":"hkn","13":"hkn","14":"hkn","15":"hkn","16":"hkn","17":"hkn","18":"hkn","19":"hkn","20":"hkn","21":"hkn","22":"hkn","23":"hkn","24":"hkn"},"solver_p":{"0":"GKOCG","1":"GKOCG","2":"GKOCG","3":"GAMG","4":"PCG","5":"GKOCG","6":"GAMG","7":"PCG","8":"GAMG","9":"PCG","10":"GAMG","11":"PCG","12":"GKOCG","13":"GAMG","14":"GKOCG","15":"GKOCG","16":"GAMG","17":"PCG","18":"GKOCG","19":"GAMG","20":"PCG","21":"GAMG","22":"PCG","23":"GAMG","24":"PCG"},"p_NoIterations":{"0":2898.8205128205,"1":2893.6153846154,"2":2897.6666666667,"3":304.4358974359,"4":2930.4358974359,"5":2917.0769230769,"6":28.0256410256,"7":2860.3846153846,"8":28.0769230769,"9":2835.358974359,"10":55.7948717949,"11":2822.2564102564,"12":3648.0,"13":74.9230769231,"14":3645.2820512821,"15":3643.5384615385,"16":385.3333333333,"17":3621.2820512821,"18":3669.641025641,"19":34.5384615385,"20":3509.4054054054,"21":31.7692307692,"22":3644.7692307692,"23":79.6666666667,"24":3590.5641025641}}
