{"obr": {"postprocessing": {"nCells": null, "decomposition": {"nSubDomains": 16}, "runs": [{"timestamp": "2023-06-25_20:01:54", "host": "nla-gpu2.ianm.kit.edu", "MatrixAssemblyU": 759.6036041666666, "MomentumPredictor": 692.2304375, "SolveP": 486.03689583333335, "MatrixAssemblyPI:": 156.01575, "MatrixAssemblyPII:": 75.03633333333333, "TimeStep": 2689.7690208333333, "p: update_local_matrix_data:": 21.406104166666665, "p: update_non_local_matrix_data:": 0.08466666666666667, "p_matrix: call_update:": 4.090520833333334, "p_rhs: call_update:": 4.146979166666667, "p: init_precond:": 0.37572916666666667, "p: generate_solver:": 0.0016875000000000004, "p: solve:": 448.5315625, "p: copy_x_back:": 1.7331666666666667, "p: solve_multi_gpu": 459.54129166666667, "init_p": 0.05679275047298369, "init_pFinal": 0.05651628523741673, "final_p": 0.0005252718742923365, "final_pFinal": 0.0005014691837721554, "iter_p": 396.875, "iter_pFinal": 380.5416666666667}]}}}