{"obr": {"postprocessing": {"nCells": 1000000, "decomposition": {"nSubDomains": 64}, "runs": [{"timestamp": "2023-07-03_08:19:31", "host": "guyot", "MatrixAssemblyU": 5.377105263157895, "MomentumPredictor": 25.203684210526315, "SolveP": 63.369368421052634, "MatrixAssemblyPI:": 6.585894736842104, "MatrixAssemblyPII:": 1.6666842105263158, "TimeStep": 178.63626315789475, "init_p": 0.1477565947368421, "init_pFinal": 0.12972882631578944, "final_p": 9.110684210526317e-05, "final_pFinal": 9.024200000000001e-05, "iter_p": 18.94736842105263, "iter_pFinal": 18.789473684210527, "cont_error_local": 1.31909e-08, "cont_error_global": -2.18645e-21, "cont_error_cumulative": 1.20456e-20}]}}}