{"obr": {"postprocessing": {"nCells": 12614272, "decomposition": {"nSubDomains": 8}, "runs": [{"timestamp": "2023-06-25_19:00:55", "host": "nla-gpu2.ianm.kit.edu", "MatrixAssemblyU": 2929.8840416666667, "MomentumPredictor": 2740.205354166667, "SolveP": 712.2223333333333, "MatrixAssemblyPI:": 629.1928333333334, "MatrixAssemblyPII:": 321.5207291666666, "TimeStep": 9483.104229166667, "p: update_local_matrix_data:": 78.84447916666666, "p: update_non_local_matrix_data:": 0.11297916666666667, "p_matrix: call_update:": 12.671541666666668, "p_rhs: call_update:": 19.8399375, "p: init_precond:": 0.6135208333333334, "p: generate_solver:": 0.0011250000000000001, "p: solve:": 576.219375, "p: copy_x_back:": 6.7585625, "p: solve_multi_gpu": 616.8863125, "init_p": 0.056858134622647945, "init_pFinal": 0.056579524501094436, "final_p": 0.0005237629839077393, "final_pFinal": 0.0004997337482351816, "iter_p": 396.4583333333333, "iter_pFinal": 379.375}]}}}