{"obr": {"postprocessing": {"nCells": 1000000, "decomposition": {"nSubDomains": 32}, "runs": [{"timestamp": "2023-07-03_09:08:14", "host": "guyot", "MatrixAssemblyU": 16.19736842105263, "MomentumPredictor": 79.98631578947368, "SolveP": 123.08415789473685, "MatrixAssemblyPI:": 15.768473684210527, "MatrixAssemblyPII:": 4.771947368421054, "TimeStep": 393.56663157894735, "init_p": 0.1469885, "init_pFinal": 0.1291333052631579, "final_p": 8.951444736842105e-05, "final_pFinal": 8.899123157894736e-05, "iter_p": 18.157894736842106, "iter_pFinal": 17.789473684210527, "cont_error_local": 1.26864e-08, "cont_error_global": -2.13578e-21, "cont_error_cumulative": -8.04594e-20}]}}}