{"obr": {"postprocessing": {"nCells": 1000000, "decomposition": {"nSubDomains": 32}, "runs": [{"timestamp": "2023-06-27_01:09:15", "host": "nla-gpu2.ianm.kit.edu", "MatrixAssemblyU": 3.4823157894736836, "MomentumPredictor": 40.268421052631574, "SolveP": 512.8762631578948, "MatrixAssemblyPI:": 8.143631578947367, "MatrixAssemblyPII:": 3.438421052631579, "TimeStep": 1065.4833684210528, "p: update_local_matrix_data:": 0.7044210526315788, "p: update_non_local_matrix_data:": 0.023842105263157897, "p_matrix: call_update:": 2.135947368421053, "p_rhs: call_update:": 0.7767894736842105, "p: init_precond:": 0.03515789473684211, "p: generate_solver:": 0.002052631578947369, "p: solve:": 509.0793684210527, "p: copy_x_back:": 0.1271578947368421, "p: solve_multi_gpu": 511.72894736842096, "init_p": 0.14514378368421052, "init_pFinal": 0.1274006652631579, "final_p": 8.365737894736843e-05, "final_pFinal": 8.205591578947369e-05, "iter_p": 505.05263157894734, "iter_pFinal": 473.42105263157896}]}}}