{"obr": {"postprocessing": {"nCells": 27000000, "decomposition": {"nSubDomains": 64}, "runs": [{"timestamp": "2023-07-01_12:20:22", "host": "guyot", "MatrixAssemblyU": 403.02500000000003, "MomentumPredictor": 2864.331052631579, "SolveP": 23660.600000000002, "MatrixAssemblyPI:": 437.8742631578948, "MatrixAssemblyPII:": 124.42926315789475, "TimeStep": 51908.09473684211, "p: update_local_matrix_data:": 70.20063157894737, "p: update_non_local_matrix_data:": 0.32910526315789473, "p_matrix: call_update:": 44.901631578947374, "p_rhs: call_update:": 12.819736842105264, "p: init_precond:": 0.07784210526315789, "p: generate_solver:": 0.002210526315789474, "p: solve:": 23483.36842105263, "p: copy_x_back:": 1.900263157894737, "p: solve_multi_gpu": 23570.86842105263, "init_p": 0.9029255789473684, "init_pFinal": 0.8410568947368421, "final_p": 8.065686315789472e-05, "final_pFinal": 7.692682105263158e-05, "iter_p": 2200.5263157894738, "iter_pFinal": 2188.3684210526317, "cont_error_local": 1.0991e-08, "cont_error_global": 1.46218e-21, "cont_error_cumulative": 2.43246e-20}]}}}