{"obr": {"postprocessing": {"nCells": 8000000, "decomposition": {"nSubDomains": 32}, "runs": [{"timestamp": "2023-07-03_09:05:37", "host": "guyot", "MatrixAssemblyU": 235.2851052631579, "MomentumPredictor": 1615.7794736842104, "SolveP": 2595.389473684211, "MatrixAssemblyPI:": 252.92889473684212, "MatrixAssemblyPII:": 71.85836842105263, "TimeStep": 7628.873684210525, "init_p": 0.4944915789473684, "init_pFinal": 0.4494547894736843, "final_p": 8.177271578947368e-05, "final_pFinal": 8.621617894736841e-05, "iter_p": 25.0, "iter_pFinal": 23.57894736842105, "cont_error_local": 3.86572e-09, "cont_error_global": -3.94813e-21, "cont_error_cumulative": -1.30735e-19}]}}}