{"obr": {"postprocessing": {"nCells": 27000000, "decomposition": {"nSubDomains": 32}, "runs": [{"timestamp": "2023-07-03_08:50:34", "host": "guyot", "MatrixAssemblyU": 795.0433157894737, "MomentumPredictor": 5806.27, "SolveP": 18389.642105263156, "MatrixAssemblyPI:": 881.1249473684212, "MatrixAssemblyPII:": 249.94731578947372, "TimeStep": 44636.96315789474, "init_p": 0.898847947368421, "init_pFinal": 0.8388041052631581, "final_p": 8.759728421052632e-05, "final_pFinal": 8.48980052631579e-05, "iter_p": 42.21052631578947, "iter_pFinal": 44.0, "cont_error_local": 1.2918e-08, "cont_error_global": 6.86011e-22, "cont_error_cumulative": 1.77159e-20}]}}}