{"obr": {"postprocessing": {"nCells": 1000000, "decomposition": {"nSubDomains": 128}, "runs": [{"timestamp": "2023-07-02_08:50:11", "host": "guyot", "MatrixAssemblyU": 1.3849999999999998, "MomentumPredictor": 11.217105263157896, "SolveP": 74.75505263157895, "MatrixAssemblyPI:": 1.9391578947368422, "MatrixAssemblyPII:": 0.6468947368421054, "TimeStep": 164.43952631578946, "init_p": 0.14658429736842105, "init_pFinal": 0.12863022000000002, "final_p": 9.816417894736842e-05, "final_pFinal": 9.791634210526316e-05, "iter_p": 470.89473684210526, "iter_pFinal": 446.63157894736844, "cont_error_local": 1.55891e-08, "cont_error_global": -1.2616e-20, "cont_error_cumulative": -6.25774e-20}]}}}