{"obr": {"postprocessing": {"nCells": 64000000, "decomposition": {"nSubDomains": 8}, "runs": [{"timestamp": "2023-06-26_16:49:17", "host": "nla-gpu2.ianm.kit.edu", "MatrixAssemblyU": 2066.632631578947, "MomentumPredictor": 16590.34736842105, "SolveP": 704868.1578947369, "MatrixAssemblyPI:": 2368.6447368421054, "MatrixAssemblyPII:": 664.3296842105262, "TimeStep": 1434508.2105263157, "init_p": 0.964745105263158, "init_pFinal": 0.9087364210526316, "final_p": 9.867321052631579e-05, "final_pFinal": 9.901814736842105e-05, "iter_p": 2829.0526315789475, "iter_pFinal": 2822.9473684210525}]}}}