{"obr": {"postprocessing": {"nCells": 18921408, "decomposition": {"nSubDomains": 16}, "runs": [{"timestamp": "2023-06-25_19:20:14", "host": "nla-gpu2.ianm.kit.edu", "MatrixAssemblyU": 2513.01175, "MomentumPredictor": 2213.7958541666667, "SolveP": 7351.426041666666, "MatrixAssemblyPI:": 535.0119583333334, "MatrixAssemblyPII:": 254.1891666666667, "TimeStep": 14664.830166666667, "init_p": 0.05677475608474206, "init_pFinal": 0.05677243925039869, "final_p": 0.0005624415044299417, "final_pFinal": 0.0005609963925874037, "iter_p": 112.04166666666667, "iter_pFinal": 126.33333333333333}]}}}