{"obr": {"postprocessing": {"nCells": null, "decomposition": {"nSubDomains": 16}, "runs": [{"timestamp": "2023-06-25_19:11:13", "host": "nla-gpu2.ianm.kit.edu", "MatrixAssemblyU": 2494.3821875, "MomentumPredictor": 2200.065145833333, "SolveP": 1004.7072291666667, "MatrixAssemblyPI:": 518.0317916666667, "MatrixAssemblyPII:": 253.61939583333333, "TimeStep": 8206.7396875, "p: update_local_matrix_data:": 65.69833333333334, "p: update_non_local_matrix_data:": 0.2135208333333333, "p_matrix: call_update:": 10.846979166666666, "p_rhs: call_update:": 14.906020833333335, "p: init_precond:": 0.8167708333333333, "p: generate_solver:": 0.0011875, "p: solve:": 890.6431249999999, "p: copy_x_back:": 6.52675, "p: solve_multi_gpu": 924.6015208333333, "init_p": 0.05683346868540734, "init_pFinal": 0.05656390298157385, "final_p": 0.00052620901042607, "final_pFinal": 0.0005053471405122575, "iter_p": 396.125, "iter_pFinal": 378.4583333333333}]}}}