{"obr": {"postprocessing": {"nCells": 27000000, "decomposition": {"nSubDomains": 16}, "runs": [{"timestamp": "2023-06-27_01:43:16", "host": "nla-gpu2.ianm.kit.edu", "MatrixAssemblyU": 430.697947368421, "MomentumPredictor": 3328.677894736842, "SolveP": 5666.839999999999, "MatrixAssemblyPI:": 496.37394736842106, "MatrixAssemblyPII:": 140.5605263157895, "TimeStep": 16796.052631578947, "p: update_local_matrix_data:": 82.58052631578946, "p: update_non_local_matrix_data:": 0.43515789473684213, "p_matrix: call_update:": 18.770894736842106, "p_rhs: call_update:": 15.152526315789475, "p: init_precond:": 0.042578947368421056, "p: generate_solver:": 0.0024736842105263163, "p: solve:": 5532.734736842106, "p: copy_x_back:": 7.02821052631579, "p: solve_multi_gpu": 5568.271578947368, "init_p": 0.8977828421052633, "init_pFinal": 0.8377525789473684, "final_p": 8.903891578947368e-05, "final_pFinal": 8.807841052631579e-05, "iter_p": 2190.8947368421054, "iter_pFinal": 2179.4210526315787, "cont_error_local": 1.28344e-08, "cont_error_global": 1.33367e-21, "cont_error_cumulative": 2.11733e-20}]}}}