{"obr": {"postprocessing": {"nCells": null, "decomposition": {"nSubDomains": 32}, "runs": [{"timestamp": "2023-06-25_18:10:08", "host": "nla-gpu2.ianm.kit.edu", "MatrixAssemblyU": 1270.2509791666669, "MomentumPredictor": 1110.554375, "SolveP": 3675.8426041666667, "MatrixAssemblyPI:": 245.33849999999998, "MatrixAssemblyPII:": 123.99364583333333, "TimeStep": 7271.165770833332, "init_p": 0.0568581288539222, "init_pFinal": 0.05668409526535622, "final_p": 0.0005606385927731705, "final_pFinal": 0.0005607135520838553, "iter_p": 121.25, "iter_pFinal": 119.75}]}}}