{"obr": {"postprocessing": {"nCells": 6307136, "decomposition": {"nSubDomains": 16}, "runs": [{"timestamp": "2023-06-25_18:44:56", "host": "nla-gpu2.ianm.kit.edu", "MatrixAssemblyU": 764.8144583333333, "MomentumPredictor": 691.0598125, "SolveP": 2108.7525, "MatrixAssemblyPI:": 156.191625, "MatrixAssemblyPII:": 77.43516666666666, "TimeStep": 4322.9613125, "init_p": 0.05670595003293896, "init_pFinal": 0.056695765902307606, "final_p": 0.0005598372536287103, "final_pFinal": 0.0005593253984655033, "iter_p": 114.45833333333333, "iter_pFinal": 125.20833333333333}]}}}