{"obr": {"postprocessing": {"nCells": 12614272, "decomposition": {"nSubDomains": 8}, "runs": [{"timestamp": "2023-06-25_17:37:37", "host": "nla-gpu2.ianm.kit.edu", "MatrixAssemblyU": 2976.56125, "MomentumPredictor": 2752.533, "SolveP": 9281.34175, "MatrixAssemblyPI:": 659.0941666666666, "MatrixAssemblyPII:": 318.9688333333333, "TimeStep": 18219.231375, "init_p": 0.056815809953782624, "init_pFinal": 0.056814580492853095, "final_p": 0.0005595227141012573, "final_pFinal": 0.0005591577616256147, "iter_p": 130.25, "iter_pFinal": 109.0}]}}}