{"obr": {"postprocessing": {"nCells": null, "decomposition": {"nSubDomains": 16}, "runs": [{"timestamp": "2023-06-25_19:55:55", "host": "nla-gpu2.ianm.kit.edu", "MatrixAssemblyU": 1642.2345833333336, "MomentumPredictor": 1435.7566458333333, "SolveP": 707.3326041666666, "MatrixAssemblyPI:": 323.4737916666666, "MatrixAssemblyPII:": 158.36402083333334, "TimeStep": 5378.263979166667, "p: update_local_matrix_data:": 42.3421875, "p: update_non_local_matrix_data:": 0.12295833333333332, "p_matrix: call_update:": 7.835375000000002, "p_rhs: call_update:": 6.735979166666667, "p: init_precond:": 0.622, "p: generate_solver:": 0.0011875, "p: solve:": 635.4543125, "p: copy_x_back:": 4.011291666666667, "p: solve_multi_gpu": 655.4304583333333, "init_p": 0.05683214831395306, "init_pFinal": 0.05656154803348882, "final_p": 0.000525038294674539, "final_pFinal": 0.0005020480049259713, "iter_p": 396.625, "iter_pFinal": 379.5416666666667}]}}}