{"obr": {"postprocessing": {"nCells": null, "decomposition": {"nSubDomains": 8}, "runs": [{"timestamp": "2023-06-25_19:50:38", "host": "nla-gpu2.ianm.kit.edu", "MatrixAssemblyU": 1442.3040833333334, "MomentumPredictor": 1367.1689374999999, "SolveP": 523.8432708333333, "MatrixAssemblyPI:": 308.421125, "MatrixAssemblyPII:": 156.98137499999999, "TimeStep": 4837.893333333333, "p: update_local_matrix_data:": 38.79241666666667, "p: update_non_local_matrix_data:": 0.10566666666666667, "p_matrix: call_update:": 8.049229166666667, "p_rhs: call_update:": 6.264166666666668, "p: init_precond:": 0.4887708333333334, "p: generate_solver:": 0.0013541666666666667, "p: solve:": 455.82279166666666, "p: copy_x_back:": 4.26175, "p: solve_multi_gpu": 475.6627291666667, "init_p": 0.05683913180120718, "init_pFinal": 0.05656696896592544, "final_p": 0.0005246872038451659, "final_pFinal": 0.0005022236456681774, "iter_p": 397.4166666666667, "iter_pFinal": 378.4166666666667}]}}}