{"obr": {"postprocessing": {"nCells": 64000000, "decomposition": {"nSubDomains": 32}, "runs": [{"timestamp": "2023-07-02_02:00:09", "host": "guyot", "MatrixAssemblyU": 1915.1636842105268, "MomentumPredictor": 13860.68947368421, "SolveP": 599389.947368421, "MatrixAssemblyPI:": 2161.6921052631574, "MatrixAssemblyPII:": 636.2058947368421, "TimeStep": 1221428.0, "init_p": 0.9655921052631578, "init_pFinal": 0.9088977368421053, "final_p": 9.909855263157893e-05, "final_pFinal": 9.897415789473683e-05, "iter_p": 2837.9473684210525, "iter_pFinal": 2832.7894736842104, "cont_error_local": 1.33648e-07, "cont_error_global": 5.20803e-21, "cont_error_cumulative": 2.76078e-20}]}}}