{"obr": {"postprocessing": {"nCells": 64000000, "decomposition": {"nSubDomains": 32}, "runs": [{"timestamp": "2023-07-01_10:02:53", "host": "guyot", "MatrixAssemblyU": 1917.0457894736844, "MomentumPredictor": 13854.857894736842, "SolveP": 21557.242105263158, "MatrixAssemblyPI:": 2160.478421052632, "MatrixAssemblyPII:": 637.6003684210527, "TimeStep": 66484.26315789473, "p: update_local_matrix_data:": 335.1943157894737, "p: update_non_local_matrix_data:": 1.7553684210526315, "p_matrix: call_update:": 133.88315789473683, "p_rhs: call_update:": 39.87294736842105, "p: init_precond:": 0.036842105263157905, "p: generate_solver:": 0.0017894736842105265, "p: solve:": 20965.263157894737, "p: copy_x_back:": 26.22105263157895, "p: solve_multi_gpu": 21164.51052631579, "init_p": 0.9655805263157894, "init_pFinal": 0.9089302631578947, "final_p": 8.204009473684213e-05, "final_pFinal": 8.660226315789474e-05, "iter_p": 2954.2105263157896, "iter_pFinal": 2927.5789473684213, "cont_error_local": 1.02671e-07, "cont_error_global": 3.20326e-21, "cont_error_cumulative": 2.59446e-20}]}}}