{"obr": {"postprocessing": {"nCells": 8000000, "decomposition": {"nSubDomains": 8}, "runs": [{"timestamp": "2023-07-01_12:38:33", "host": "guyot", "MatrixAssemblyU": 508.30673684210524, "MomentumPredictor": 3761.273157894737, "SolveP": 1836.2557894736842, "MatrixAssemblyPI:": 568.0353684210527, "MatrixAssemblyPII:": 159.48836842105263, "TimeStep": 9946.01, "p: update_local_matrix_data:": 78.02510526315788, "p: update_non_local_matrix_data:": 0.37305263157894736, "p_matrix: call_update:": 37.46026315789474, "p_rhs: call_update:": 4.616157894736841, "p: init_precond:": 0.03415789473684211, "p: generate_solver:": 0.0020000000000000005, "p: solve:": 1682.4524210526317, "p: copy_x_back:": 10.285000000000002, "p: solve_multi_gpu": 1738.6378947368423, "init_p": 0.48900115789473686, "init_pFinal": 0.44358415789473693, "final_p": 8.898345789473686e-05, "final_pFinal": 8.899171578947368e-05, "iter_p": 1321.3684210526317, "iter_pFinal": 1296.7894736842106, "cont_error_local": 3.33354e-09, "cont_error_global": -3.20053e-21, "cont_error_cumulative": -7.24084e-20}]}}}