{"obr": {"postprocessing": {"nCells": 64000000, "decomposition": {"nSubDomains": 8}, "runs": [{"timestamp": "2023-06-27_09:00:40", "host": "nla-gpu2.ianm.kit.edu", "MatrixAssemblyU": 2085.364736842105, "MomentumPredictor": 17510.678947368426, "SolveP": 18461.026315789477, "MatrixAssemblyPI:": 2375.9694736842102, "MatrixAssemblyPII:": 680.532105263158, "TimeStep": 65876.93684210526, "p: update_local_matrix_data:": 372.24468421052626, "p: update_non_local_matrix_data:": 1.0833157894736842, "p_matrix: call_update:": 65.05968421052631, "p_rhs: call_update:": 208.71842105263158, "p: init_precond:": 0.035473684210526324, "p: generate_solver:": 0.00268421052631579, "p: solve:": 17680.400526315792, "p: copy_x_back:": 40.929842105263155, "p: solve_multi_gpu": 17983.60789473684, "init_p": 0.9647335789473683, "init_pFinal": 0.9087810526315788, "final_p": 9.100305263157895e-05, "final_pFinal": 9.390018421052633e-05, "iter_p": 2945.684210526316, "iter_pFinal": 2914.5263157894738, "cont_error_local": 1.30246e-07, "cont_error_global": 1.03915e-21, "cont_error_cumulative": 1.68001e-20}]}}}