{"obr": {"postprocessing": {"nCells": 8000000, "decomposition": {"nSubDomains": 32}, "runs": [{"timestamp": "2023-06-26_11:52:10", "host": "nla-gpu2.ianm.kit.edu", "MatrixAssemblyU": 60.67310526315789, "MomentumPredictor": 432.719, "SolveP": 1798.1072631578947, "MatrixAssemblyPI:": 65.10247368421052, "MatrixAssemblyPII:": 19.629631578947368, "TimeStep": 4287.604736842105, "p: update_local_matrix_data:": 11.826526315789474, "p: update_non_local_matrix_data:": 0.10921052631578948, "p_matrix: call_update:": 8.319526315789473, "p_rhs: call_update:": 2.869736842105263, "p: init_precond:": 0.06110526315789474, "p: generate_solver:": 0.004789473684210527, "p: solve:": 1772.433736842105, "p: copy_x_back:": 0.8536842105263157, "p: solve_multi_gpu": 1783.0477894736844, "init_p": 0.49336236842105263, "init_pFinal": 0.4482688421052631, "final_p": 8.301673157894737e-05, "final_pFinal": 8.814975263157895e-05, "iter_p": 1323.3684210526317, "iter_pFinal": 1295.7894736842106}]}}}