{"obr": {"postprocessing": {"nCells": 1000000, "decomposition": {"nSubDomains": 128}, "runs": [{"timestamp": "2023-07-03_08:19:24", "host": "guyot", "MatrixAssemblyU": 1.729421052631579, "MomentumPredictor": 11.410105263157895, "SolveP": 37.50978947368421, "MatrixAssemblyPI:": 2.195105263157895, "MatrixAssemblyPII:": 0.6192631578947368, "TimeStep": 95.95836842105264, "init_p": 0.14788216842105265, "init_pFinal": 0.12980907368421052, "final_p": 8.384967894736842e-05, "final_pFinal": 8.377060526315789e-05, "iter_p": 11.789473684210526, "iter_pFinal": 11.68421052631579, "cont_error_local": 1.22473e-08, "cont_error_global": 6.76468e-21, "cont_error_cumulative": 5.26711e-20}]}}}