{"obr": {"postprocessing": {"nCells": 27000000, "decomposition": {"nSubDomains": 32}, "runs": [{"timestamp": "2023-06-27_01:09:42", "host": "nla-gpu2.ianm.kit.edu", "MatrixAssemblyU": 217.6223684210526, "MomentumPredictor": 1628.3021052631577, "SolveP": 5699.272631578949, "MatrixAssemblyPI:": 237.8548947368421, "MatrixAssemblyPII:": 69.5138947368421, "TimeStep": 14053.981578947367, "p: update_local_matrix_data:": 38.66615789473684, "p: update_non_local_matrix_data:": 0.259578947368421, "p_matrix: call_update:": 22.109473684210524, "p_rhs: call_update:": 8.115894736842106, "p: init_precond:": 0.06989473684210527, "p: generate_solver:": 0.005368421052631579, "p: solve:": 5618.781052631578, "p: copy_x_back:": 3.4294210526315787, "p: solve_multi_gpu": 5648.657894736842, "init_p": 0.898558, "init_pFinal": 0.8383253157894737, "final_p": 8.893443684210527e-05, "final_pFinal": 8.684673157894737e-05, "iter_p": 2196.2631578947367, "iter_pFinal": 2181.6315789473683, "cont_error_local": 1.40328e-08, "cont_error_global": 1.3639e-21, "cont_error_cumulative": 2.2048e-20}]}}}