{"obr": {"postprocessing": {"nCells": 27000000, "decomposition": {"nSubDomains": 16}, "runs": [{"timestamp": "2023-06-26_15:13:04", "host": "nla-gpu2.ianm.kit.edu", "MatrixAssemblyU": 445.5483157894737, "MomentumPredictor": 3337.1984210526316, "SolveP": 109700.19473684211, "MatrixAssemblyPI:": 490.2146315789473, "MatrixAssemblyPII:": 140.43099999999998, "TimeStep": 224208.7894736842, "init_p": 0.8978038947368422, "init_pFinal": 0.8377752631578946, "final_p": 9.889351578947368e-05, "final_pFinal": 9.855423684210527e-05, "iter_p": 2178.157894736842, "iter_pFinal": 2173.5263157894738}]}}}