{"obr": {"postprocessing": {"nCells": 64000000, "decomposition": {"nSubDomains": 16}, "runs": [{"timestamp": "2023-06-26_11:53:43", "host": "nla-gpu2.ianm.kit.edu", "MatrixAssemblyU": 1028.9934210526317, "MomentumPredictor": 13334.65789473684, "SolveP": 14956.04947368421, "MatrixAssemblyPI:": 1476.9999999999998, "MatrixAssemblyPII:": 368.6746842105264, "TimeStep": 51216.58947368422, "p: update_local_matrix_data:": 191.60726315789475, "p: update_non_local_matrix_data:": 0.5927894736842105, "p_matrix: call_update:": 33.26331578947368, "p_rhs: call_update:": 170.99573684210526, "p: init_precond:": 0.053157894736842105, "p: generate_solver:": 0.0035263157894736843, "p: solve:": 14469.878947368421, "p: copy_x_back:": 15.203263157894735, "p: solve_multi_gpu": 14683.860526315792, "init_p": 0.9652983684210528, "init_pFinal": 0.9088205263157896, "final_p": 9.142276842105262e-05, "final_pFinal": 9.455116842105263e-05, "iter_p": 2943.684210526316, "iter_pFinal": 2910.6315789473683}]}}}