{"obr": {"postprocessing": {"nCells": 1000000, "decomposition": {"nSubDomains": 64}, "runs": [{"timestamp": "2023-07-01_09:26:54", "host": "guyot", "MatrixAssemblyU": 5.958894736842105, "MomentumPredictor": 24.347473684210524, "SolveP": 4611.8426315789475, "MatrixAssemblyPI:": 5.9856842105263155, "MatrixAssemblyPII:": 1.643578947368421, "TimeStep": 9126.48894736842, "p: update_local_matrix_data:": 0.9081052631578946, "p: update_non_local_matrix_data:": 0.03631578947368421, "p_matrix: call_update:": 1.3037894736842102, "p_rhs: call_update:": 11.058894736842106, "p: init_precond:": 0.0611578947368421, "p: generate_solver:": 0.0019473684210526319, "p: solve:": 4594.49, "p: copy_x_back:": 0.051210526315789484, "p: solve_multi_gpu": 4607.08, "init_p": 0.1460151410526316, "init_pFinal": 0.12809512578947366, "final_p": 8.055798421052632e-05, "final_pFinal": 8.334842631578948e-05, "iter_p": 502.8421052631579, "iter_pFinal": 486.10526315789474, "cont_error_local": 1.33613e-08, "cont_error_global": -3.09561e-21, "cont_error_cumulative": -6.21143e-20}]}}}