{"obr": {"postprocessing": {"nCells": null, "decomposition": {"nSubDomains": 32}, "runs": [{"timestamp": "2023-06-25_20:04:55", "host": "nla-gpu2.ianm.kit.edu", "MatrixAssemblyU": 1266.3888125, "MomentumPredictor": 1116.8261458333334, "SolveP": 928.8449375, "MatrixAssemblyPI:": 245.9405416666667, "MatrixAssemblyPII:": 126.97839583333332, "TimeStep": 4530.161041666666, "p: update_local_matrix_data:": 30.52570833333333, "p: update_non_local_matrix_data:": 0.16864583333333336, "p_matrix: call_update:": 8.660541666666667, "p_rhs: call_update:": 5.542583333333334, "p: init_precond:": 0.7258333333333334, "p: generate_solver:": 0.0015624999999999999, "p: solve:": 871.7314166666669, "p: copy_x_back:": 2.2841875, "p: solve_multi_gpu": 889.7703541666666, "init_p": 0.05685422141606252, "init_pFinal": 0.05658737310782382, "final_p": 0.0005248235582827036, "final_pFinal": 0.0005026461544123486, "iter_p": 396.75, "iter_pFinal": 380.2083333333333}]}}}