{"obr": {"postprocessing": {"nCells": 27000000, "decomposition": {"nSubDomains": 128}, "runs": [{"timestamp": "2023-07-01_09:30:43", "host": "guyot", "MatrixAssemblyU": 201.37868421052633, "MomentumPredictor": 1345.3605263157897, "SolveP": 44692.8, "MatrixAssemblyPI:": 211.75205263157895, "MatrixAssemblyPII:": 60.23615789473685, "TimeStep": 91082.82105263157, "p: update_local_matrix_data:": 35.39805263157894, "p: update_non_local_matrix_data:": 0.2058421052631579, "p_matrix: call_update:": 67.6756842105263, "p_rhs: call_update:": 10.580052631578948, "p: init_precond:": 0.1713684210526316, "p: generate_solver:": 0.0024210526315789475, "p: solve:": 44494.13684210526, "p: copy_x_back:": 0.6224736842105264, "p: solve_multi_gpu": 44640.378947368416, "init_p": 0.9035142105263158, "init_pFinal": 0.841433894736842, "final_p": 7.881172631578948e-05, "final_pFinal": 7.973622631578948e-05, "iter_p": 2197.5263157894738, "iter_pFinal": 2185.3684210526317, "cont_error_local": 1.08758e-08, "cont_error_global": 7.60966e-22, "cont_error_cumulative": 2.00923e-20}]}}}