{"obr": {"postprocessing": {"nCells": 1000000, "decomposition": {"nSubDomains": 8}, "runs": [{"timestamp": "2023-06-26_15:12:26", "host": "nla-gpu2.ianm.kit.edu", "MatrixAssemblyU": 23.908684210526314, "MomentumPredictor": 177.94378947368418, "SolveP": 317.7808421052631, "MatrixAssemblyPI:": 25.32657894736842, "MatrixAssemblyPII:": 8.262368421052631, "TimeStep": 924.9183684210525, "p: update_local_matrix_data:": 5.283052631578947, "p: update_non_local_matrix_data:": 0.08142105263157895, "p_matrix: call_update:": 2.775, "p_rhs: call_update:": 1.3284736842105263, "p: init_precond:": 0.033789473684210536, "p: generate_solver:": 0.0021052631578947372, "p: solve:": 307.2711052631579, "p: copy_x_back:": 0.4557368421052632, "p: solve_multi_gpu": 311.449, "init_p": 0.1446882994736842, "init_pFinal": 0.1269304268421053, "final_p": 8.328173157894737e-05, "final_pFinal": 8.624105789473685e-05, "iter_p": 503.7894736842105, "iter_pFinal": 487.10526315789474}]}}}