{"obr": {"postprocessing": {"nCells": 6307136, "decomposition": {"nSubDomains": 8}, "runs": [{"timestamp": "2023-06-25_17:55:52", "host": "nla-gpu2.ianm.kit.edu", "MatrixAssemblyU": 1445.7577083333335, "MomentumPredictor": 1368.198916666667, "SolveP": 492.82441666666665, "MatrixAssemblyPI:": 308.6254166666667, "MatrixAssemblyPII:": 157.10139583333333, "TimeStep": 4818.045958333333, "p: update_local_matrix_data:": 38.92058333333333, "p: update_non_local_matrix_data:": 0.09954166666666665, "p_matrix: call_update:": 7.695395833333333, "p_rhs: call_update:": 6.019958333333334, "p: init_precond:": 0.5099166666666667, "p: generate_solver:": 0.0015000000000000002, "p: solve:": 425.56295833333326, "p: copy_x_back:": 4.187, "p: solve_multi_gpu": 444.70062499999995, "init_p": 0.05690551372000402, "init_pFinal": 0.05660179341754015, "final_p": 0.0004973474230359101, "final_pFinal": 0.0005433850578082995, "iter_p": 349.75, "iter_pFinal": 371.4583333333333}]}}}