{"obr": {"postprocessing": {"nCells": 64000000, "decomposition": {"nSubDomains": 64}, "runs": [{"timestamp": "2023-07-01_20:46:03", "host": "guyot", "MatrixAssemblyU": 942.3861052631579, "MomentumPredictor": 6897.5926315789475, "SolveP": 311940.4210526316, "MatrixAssemblyPI:": 1052.8878947368423, "MatrixAssemblyPII:": 296.7868421052632, "TimeStep": 625553.1052631579, "init_p": 0.9668851052631581, "init_pFinal": 0.9091815263157895, "final_p": 9.918741578947368e-05, "final_pFinal": 9.91323e-05, "iter_p": 2912.0, "iter_pFinal": 2831.7894736842104, "cont_error_local": 1.3723e-07, "cont_error_global": 2.21255e-21, "cont_error_cumulative": 2.97519e-20}]}}}