{"obr": {"postprocessing": {"nCells": 8000000, "decomposition": {"nSubDomains": 128}, "runs": [{"timestamp": "2023-07-02_08:50:17", "host": "guyot", "MatrixAssemblyU": 41.972473684210534, "MomentumPredictor": 293.59642105263157, "SolveP": 3491.648421052631, "MatrixAssemblyPI:": 43.64578947368421, "MatrixAssemblyPII:": 14.000789473684213, "TimeStep": 7182.266315789474, "init_p": 0.5115506315789474, "init_pFinal": 0.46446236842105254, "final_p": 9.782255789473685e-05, "final_pFinal": 9.865885789473685e-05, "iter_p": 1455.842105263158, "iter_pFinal": 1339.3157894736842, "cont_error_local": 4.19712e-09, "cont_error_global": -5.77756e-21, "cont_error_cumulative": -1.46779e-19}]}}}