{"obr": {"postprocessing": {"nCells": 64000000, "decomposition": {"nSubDomains": 8}, "runs": [{"timestamp": "2023-07-01_10:59:27", "host": "guyot", "MatrixAssemblyU": 4176.004210526316, "MomentumPredictor": 30574.52631578948, "SolveP": 17907.663157894734, "MatrixAssemblyPI:": 4789.828947368421, "MatrixAssemblyPII:": 1412.4784210526316, "TimeStep": 87555.04210526316, "p: update_local_matrix_data:": 717.3173684210526, "p: update_non_local_matrix_data:": 2.0982105263157895, "p_matrix: call_update:": 274.81336842105264, "p_rhs: call_update:": 51.72584210526317, "p: init_precond:": 0.029368421052631582, "p: generate_solver:": 0.0012631578947368421, "p: solve:": 16635.488947368423, "p: copy_x_back:": 78.46021052631579, "p: solve_multi_gpu": 17040.34105263158, "init_p": 0.9647353684210526, "init_pFinal": 0.9087832631578948, "final_p": 9.36477947368421e-05, "final_pFinal": 9.585361578947368e-05, "iter_p": 2937.2105263157896, "iter_pFinal": 2908.5789473684213, "cont_error_local": 1.33737e-07, "cont_error_global": 4.93568e-22, "cont_error_cumulative": 1.74351e-20}]}}}