{"obr": {"postprocessing": {"nCells": 27000000, "decomposition": {"nSubDomains": 8}, "runs": [{"timestamp": "2023-06-27_00:53:54", "host": "nla-gpu2.ianm.kit.edu", "MatrixAssemblyU": 875.3321578947367, "MomentumPredictor": 6667.279473684211, "SolveP": 6435.482631578947, "MatrixAssemblyPI:": 987.0078421052632, "MatrixAssemblyPII:": 280.35568421052636, "TimeStep": 24114.310526315792, "p: update_local_matrix_data:": 157.8278947368421, "p: update_non_local_matrix_data:": 0.5448947368421054, "p_matrix: call_update:": 30.211947368421054, "p_rhs: call_update:": 49.92131578947368, "p: init_precond:": 0.037631578947368426, "p: generate_solver:": 0.0025263157894736847, "p: solve:": 6155.11947368421, "p: copy_x_back:": 14.608631578947369, "p: solve_multi_gpu": 6245.32, "init_p": 0.8961965263157896, "init_pFinal": 0.8360677894736843, "final_p": 8.873995789473684e-05, "final_pFinal": 8.909606315789473e-05, "iter_p": 2188.0526315789475, "iter_pFinal": 2174.8947368421054}]}}}