{"obr": {"postprocessing": {"nCells": null, "decomposition": {"nSubDomains": 16}, "runs": [{"timestamp": "2023-06-25_18:49:24", "host": "nla-gpu2.ianm.kit.edu", "MatrixAssemblyU": 1626.225125, "MomentumPredictor": 1436.0490416666664, "SolveP": 4813.34375, "MatrixAssemblyPI:": 323.93287499999997, "MatrixAssemblyPII:": 152.50760416666668, "TimeStep": 9465.531583333333, "init_p": 0.05679055973757494, "init_pFinal": 0.05680214634741241, "final_p": 0.0005574351635525759, "final_pFinal": 0.0005609461140152675, "iter_p": 113.95833333333333, "iter_pFinal": 125.625}]}}}