{"obr": {"postprocessing": {"nCells": 27000000, "decomposition": {"nSubDomains": 64}, "runs": [{"timestamp": "2023-07-03_08:43:05", "host": "guyot", "MatrixAssemblyU": 404.1145263157895, "MomentumPredictor": 2864.765263157895, "SolveP": 9325.099473684211, "MatrixAssemblyPI:": 439.2408421052631, "MatrixAssemblyPII:": 124.78947368421052, "TimeStep": 22279.757894736842, "init_p": 0.9030932105263156, "init_pFinal": 0.8413977894736844, "final_p": 8.534605789473683e-05, "final_pFinal": 8.816957894736843e-05, "iter_p": 45.578947368421055, "iter_pFinal": 44.94736842105263, "cont_error_local": 1.45479e-08, "cont_error_global": 4.47774e-22, "cont_error_cumulative": 2.15727e-20}]}}}