{"obr": {"postprocessing": {"nCells": 27000000, "decomposition": {"nSubDomains": 32}, "runs": [{"timestamp": "2023-07-01_10:27:36", "host": "guyot", "MatrixAssemblyU": 797.9882631578947, "MomentumPredictor": 5799.064210526316, "SolveP": 13125.245263157894, "MatrixAssemblyPI:": 879.0776842105263, "MatrixAssemblyPII:": 249.6783157894737, "TimeStep": 35851.54210526316, "p: update_local_matrix_data:": 123.06105263157896, "p: update_non_local_matrix_data:": 0.6340526315789473, "p_matrix: call_update:": 64.72210526315789, "p_rhs: call_update:": 14.475684210526316, "p: init_precond:": 0.04263157894736842, "p: generate_solver:": 0.0031052631578947372, "p: solve:": 12873.554210526318, "p: copy_x_back:": 10.52063157894737, "p: solve_multi_gpu": 12970.323684210527, "init_p": 0.8985399999999998, "init_pFinal": 0.8383082105263157, "final_p": 8.214815263157895e-05, "final_pFinal": 7.960667368421052e-05, "iter_p": 2189.3684210526317, "iter_pFinal": 2181.5789473684213, "cont_error_local": 1.01999e-08, "cont_error_global": 1.40395e-21, "cont_error_cumulative": 2.38972e-20}]}}}