{"obr": {"postprocessing": {"nCells": 8000000, "decomposition": {"nSubDomains": 128}, "runs": [{"timestamp": "2023-07-03_09:50:04", "host": "guyot", "MatrixAssemblyU": 42.25731578947368, "MomentumPredictor": 293.5757894736842, "SolveP": 366.2222105263158, "MatrixAssemblyPI:": 43.84105263157895, "MatrixAssemblyPII:": 14.438315789473682, "TimeStep": 1219.2294736842105, "init_p": 0.5120057894736842, "init_pFinal": 0.46501694736842103, "final_p": 8.383551052631579e-05, "final_pFinal": 8.623987894736843e-05, "iter_p": 20.105263157894736, "iter_pFinal": 20.157894736842106, "cont_error_local": 4.03753e-09, "cont_error_global": -7.70808e-21, "cont_error_cumulative": -1.36781e-19}]}}}