{"obr": {"postprocessing": {"nCells": 1000000, "decomposition": {"nSubDomains": 16}, "runs": [{"timestamp": "2023-06-26_12:10:57", "host": "nla-gpu2.ianm.kit.edu", "MatrixAssemblyU": 9.255263157894738, "MomentumPredictor": 75.14510526315792, "SolveP": 333.429, "MatrixAssemblyPI:": 12.183105263157893, "MatrixAssemblyPII:": 4.724210526315789, "TimeStep": 780.4365263157895, "p: update_local_matrix_data:": 1.7882105263157895, "p: update_non_local_matrix_data:": 0.053947368421052626, "p_matrix: call_update:": 2.6647894736842104, "p_rhs: call_update:": 0.5547368421052631, "p: init_precond:": 0.038526315789473686, "p: generate_solver:": 0.0023684210526315795, "p: solve:": 327.6897368421053, "p: copy_x_back:": 0.22731578947368422, "p: solve_multi_gpu": 330.8935789473685, "init_p": 0.144853742631579, "init_pFinal": 0.12709079315789476, "final_p": 8.637115263157894e-05, "final_pFinal": 8.620002105263157e-05, "iter_p": 504.7368421052632, "iter_pFinal": 472.36842105263156}]}}}