{"obr": {"postprocessing": {"nCells": 8000000, "decomposition": {"nSubDomains": 8}, "runs": [{"timestamp": "2023-06-27_01:14:33", "host": "nla-gpu2.ianm.kit.edu", "MatrixAssemblyU": 260.9342631578947, "MomentumPredictor": 1914.8105263157895, "SolveP": 42322.52105263157, "MatrixAssemblyPI:": 287.0245789473684, "MatrixAssemblyPII:": 82.527, "TimeStep": 85382.58421052631, "init_p": 0.4893262631578947, "init_pFinal": 0.4438763684210526, "final_p": 9.816564736842107e-05, "final_pFinal": 9.850338421052631e-05, "iter_p": 1426.7368421052631, "iter_pFinal": 1345.157894736842}]}}}