{"obr": {"postprocessing": {"nCells": 1000000, "decomposition": {"nSubDomains": 8}, "runs": [{"timestamp": "2023-07-01_12:42:02", "host": "guyot", "MatrixAssemblyU": 58.82278947368421, "MomentumPredictor": 393.88105263157894, "SolveP": 279.64589473684214, "MatrixAssemblyPI:": 61.9868947368421, "MatrixAssemblyPII:": 18.358842105263157, "TimeStep": 1226.7326315789473, "p: update_local_matrix_data:": 11.347894736842106, "p: update_non_local_matrix_data:": 0.082, "p_matrix: call_update:": 7.735526315789474, "p_rhs: call_update:": 0.529842105263158, "p: init_precond:": 0.04178947368421053, "p: generate_solver:": 0.0015263157894736844, "p: solve:": 255.46936842105262, "p: copy_x_back:": 0.8231578947368421, "p: solve_multi_gpu": 265.7301052631579, "init_p": 0.14470138789473683, "init_pFinal": 0.12694124105263158, "final_p": 8.575464210526316e-05, "final_pFinal": 8.771592631578948e-05, "iter_p": 503.10526315789474, "iter_pFinal": 486.63157894736844, "cont_error_local": 1.25417e-08, "cont_error_global": -8.18321e-21, "cont_error_cumulative": -6.40363e-20}]}}}