{"obr": {"postprocessing": {"nCells": 8000000, "decomposition": {"nSubDomains": 128}, "runs": [{"timestamp": "2023-07-01_12:53:00", "host": "guyot", "MatrixAssemblyU": 42.45547368421052, "MomentumPredictor": 294.69105263157894, "SolveP": 26289.247368421053, "MatrixAssemblyPI:": 43.84821052631578, "MatrixAssemblyPII:": 14.40657894736842, "TimeStep": 52216.9894736842, "p: update_local_matrix_data:": 9.524263157894737, "p: update_non_local_matrix_data:": 0.126, "p_matrix: call_update:": 59.75763157894738, "p_rhs: call_update:": 9.434842105263158, "p: init_precond:": 0.1676842105263158, "p: generate_solver:": 0.002210526315789474, "p: solve:": 26189.200000000004, "p: copy_x_back:": 0.4206842105263158, "p: solve_multi_gpu": 26261.54210526316, "init_p": 0.5111826315789474, "init_pFinal": 0.46412852631578955, "final_p": 7.758108947368421e-05, "final_pFinal": 8.184013157894737e-05, "iter_p": 1395.578947368421, "iter_pFinal": 1351.9473684210527, "cont_error_local": 2.83729e-09, "cont_error_global": -5.12e-21, "cont_error_cumulative": -1.44137e-19}]}}}