{"obr": {"postprocessing": {"nCells": 8000000, "decomposition": {"nSubDomains": 16}, "runs": [{"timestamp": "2023-06-27_01:48:59", "host": "nla-gpu2.ianm.kit.edu", "MatrixAssemblyU": 130.8057894736842, "MomentumPredictor": 919.9397368421053, "SolveP": 17023.092631578944, "MatrixAssemblyPI:": 139.64047368421055, "MatrixAssemblyPII:": 40.58431578947369, "TimeStep": 35034.847368421055, "init_p": 0.49111936842105264, "init_pFinal": 0.44603284210526317, "final_p": 9.854659473684212e-05, "final_pFinal": 9.793273684210526e-05, "iter_p": 1343.2105263157894, "iter_pFinal": 1300.7368421052631, "cont_error_local": 4.04752e-09, "cont_error_global": -3.43069e-22, "cont_error_cumulative": -7.7059e-20}]}}}