{"obr": {"postprocessing": {"nCells": 64000000, "decomposition": {"nSubDomains": 128}, "runs": [{"timestamp": "2023-07-01_11:28:51", "host": "guyot", "MatrixAssemblyU": 472.1637368421052, "MomentumPredictor": 3444.472105263158, "SolveP": 62550.26315789475, "MatrixAssemblyPI:": 521.2218947368422, "MatrixAssemblyPII:": 147.72563157894737, "TimeStep": 130358.09999999999, "p: update_local_matrix_data:": 83.05121052631578, "p: update_non_local_matrix_data:": 0.42668421052631583, "p_matrix: call_update:": 80.91136842105264, "p_rhs: call_update:": 32.6731052631579, "p: init_precond:": 0.12073684210526316, "p: generate_solver:": 0.002736842105263158, "p: solve:": 62248.36315789473, "p: copy_x_back:": 1.7192105263157895, "p: solve_multi_gpu": 62428.58947368421, "init_p": 0.9670092105263159, "init_pFinal": 0.909030052631579, "final_p": 8.583962631578948e-05, "final_pFinal": 8.342702105263159e-05, "iter_p": 2946.2631578947367, "iter_pFinal": 2926.2631578947367, "cont_error_local": 1.08589e-07, "cont_error_global": 2.69193e-21, "cont_error_cumulative": 3.08988e-20}]}}}