{"obr": {"postprocessing": {"nCells": 27000000, "decomposition": {"nSubDomains": 128}, "runs": [{"timestamp": "2023-07-03_09:08:26", "host": "guyot", "MatrixAssemblyU": 201.8007894736842, "MomentumPredictor": 1358.6736842105263, "SolveP": 2896.568421052632, "MatrixAssemblyPI:": 212.4372105263158, "MatrixAssemblyPII:": 60.27126315789474, "TimeStep": 7865.142631578947, "init_p": 0.9037367368421053, "init_pFinal": 0.8418243157894737, "final_p": 8.267503157894736e-05, "final_pFinal": 8.114932631578947e-05, "iter_p": 31.05263157894737, "iter_pFinal": 32.63157894736842, "cont_error_local": 1.48671e-08, "cont_error_global": 3.91065e-22, "cont_error_cumulative": 1.71857e-20}]}}}