{"obr": {"postprocessing": {"nCells": null, "decomposition": {"nSubDomains": 8}, "runs": [{"timestamp": "2023-06-25_19:35:07", "host": "nla-gpu2.ianm.kit.edu", "MatrixAssemblyU": 4423.890791666667, "MomentumPredictor": 4132.684625000001, "SolveP": 1058.3853541666667, "MatrixAssemblyPI:": 936.5742083333333, "MatrixAssemblyPII:": 498.65456250000005, "TimeStep": 14325.432020833332, "p: update_local_matrix_data:": 115.18797916666666, "p: update_non_local_matrix_data:": 0.23489583333333333, "p_matrix: call_update:": 18.907583333333335, "p_rhs: call_update:": 33.9685, "p: init_precond:": 0.8143541666666666, "p: generate_solver:": 0.0011250000000000001, "p: solve:": 852.9160416666667, "p: copy_x_back:": 10.5803125, "p: solve_multi_gpu": 917.9755624999999, "init_p": 0.056861736141978904, "init_pFinal": 0.05658849926951382, "final_p": 0.0005265025077249011, "final_pFinal": 0.0005027859198649881, "iter_p": 396.6666666666667, "iter_pFinal": 378.2916666666667}]}}}