{"obr": {"postprocessing": {"nCells": 1000000, "decomposition": {"nSubDomains": 8}, "runs": [{"timestamp": "2023-06-27_04:32:40", "host": "nla-gpu2.ianm.kit.edu", "MatrixAssemblyU": 23.479526315789474, "MomentumPredictor": 177.9026842105263, "SolveP": 320.3178421052632, "MatrixAssemblyPI:": 24.93273684210526, "MatrixAssemblyPII:": 8.428894736842103, "TimeStep": 916.5166315789475, "p: update_local_matrix_data:": 5.3611578947368415, "p: update_non_local_matrix_data:": 0.07847368421052632, "p_matrix: call_update:": 2.8462631578947364, "p_rhs: call_update:": 0.8261052631578948, "p: init_precond:": 0.03563157894736843, "p: generate_solver:": 0.0017894736842105265, "p: solve:": 309.8842105263158, "p: copy_x_back:": 0.45410526315789473, "p: solve_multi_gpu": 313.86268421052625, "init_p": 0.1446908563157895, "init_pFinal": 0.1269267152631579, "final_p": 8.501700526315787e-05, "final_pFinal": 8.672761578947369e-05, "iter_p": 505.4736842105263, "iter_pFinal": 472.42105263157896, "cont_error_local": 1.43222e-08, "cont_error_global": 3.49153e-21, "cont_error_cumulative": -9.88616e-20}]}}}