{"obr": {"postprocessing": {"nCells": 18921408, "decomposition": {"nSubDomains": 8}, "runs": [{"timestamp": "2023-06-25_18:17:36", "host": "nla-gpu2.ianm.kit.edu", "MatrixAssemblyU": 4470.555229166667, "MomentumPredictor": 4177.262333333333, "SolveP": 13861.974166666667, "MatrixAssemblyPI:": 985.3146041666668, "MatrixAssemblyPII:": 484.9492708333333, "TimeStep": 27340.063458333334, "init_p": 0.05684711452699331, "init_pFinal": 0.05682371857924522, "final_p": 0.0005590040776955744, "final_pFinal": 0.0005602625594154799, "iter_p": 112.54166666666667, "iter_pFinal": 124.25}]}}}