{"obr": {"postprocessing": {"nCells": 8000000, "decomposition": {"nSubDomains": 32}, "runs": [{"timestamp": "2023-07-01_19:59:49", "host": "guyot", "MatrixAssemblyU": 235.2602105263158, "MomentumPredictor": 1608.408947368421, "SolveP": 30572.71578947369, "MatrixAssemblyPI:": 250.84589473684207, "MatrixAssemblyPII:": 71.83478947368421, "TimeStep": 62140.74210526316, "init_p": 0.49376026315789473, "init_pFinal": 0.44862736842105266, "final_p": 9.795424210526316e-05, "final_pFinal": 9.790991578947369e-05, "iter_p": 1427.7368421052631, "iter_pFinal": 1345.6315789473683, "cont_error_local": 3.97047e-09, "cont_error_global": -4.44628e-21, "cont_error_cumulative": -9.52282e-20}]}}}