{"obr": {"postprocessing": {"nCells": 64000000, "decomposition": {"nSubDomains": 32}, "runs": [{"timestamp": "2023-06-26_12:11:17", "host": "nla-gpu2.ianm.kit.edu", "MatrixAssemblyU": 514.287052631579, "MomentumPredictor": 6066.905263157895, "SolveP": 249810.73684210525, "MatrixAssemblyPI:": 634.9494736842106, "MatrixAssemblyPII:": 164.94305263157892, "TimeStep": 468602.1052631579, "init_p": 0.9655921052631578, "init_pFinal": 0.9088977368421053, "final_p": 9.909855263157893e-05, "final_pFinal": 9.897415789473683e-05, "iter_p": 2837.9473684210525, "iter_pFinal": 2832.7894736842104}]}}}