{"obr": {"postprocessing": {"nCells": 8000000, "decomposition": {"nSubDomains": 32}, "runs": [{"timestamp": "2023-06-27_01:04:29", "host": "nla-gpu2.ianm.kit.edu", "MatrixAssemblyU": 59.49294736842105, "MomentumPredictor": 433.0087368421053, "SolveP": 6841.206315789474, "MatrixAssemblyPI:": 65.49631578947368, "MatrixAssemblyPII:": 20.341157894736842, "TimeStep": 13953.394210526316, "init_p": 0.49376026315789473, "init_pFinal": 0.44862736842105266, "final_p": 9.795424210526316e-05, "final_pFinal": 9.790991578947369e-05, "iter_p": 1427.7368421052631, "iter_pFinal": 1345.6315789473683}]}}}