{"obr": {"postprocessing": {"nCells": 1000000, "decomposition": {"nSubDomains": 128}, "runs": [{"timestamp": "2023-07-01_10:40:02", "host": "guyot", "MatrixAssemblyU": 1.6430526315789473, "MomentumPredictor": 11.638526315789473, "SolveP": 9320.724736842107, "MatrixAssemblyPI:": 1.9881052631578948, "MatrixAssemblyPII:": 0.6699473684210526, "TimeStep": 18046.78947368421, "p: update_local_matrix_data:": 0.45226315789473687, "p: update_non_local_matrix_data:": 0.016947368421052635, "p_matrix: call_update:": 2.152315789473684, "p_rhs: call_update:": 1.7560000000000002, "p: init_precond:": 0.08210526315789472, "p: generate_solver:": 0.002052631578947369, "p: solve:": 9314.877368421054, "p: copy_x_back:": 0.03400000000000001, "p: solve_multi_gpu": 9318.415263157895, "init_p": 0.14645023842105265, "init_pFinal": 0.12850997052631577, "final_p": 8.388334736842105e-05, "final_pFinal": 8.278263157894738e-05, "iter_p": 505.2631578947368, "iter_pFinal": 473.5263157894737, "cont_error_local": 1.38296e-08, "cont_error_global": -2.82916e-21, "cont_error_cumulative": -3.23144e-20}]}}}