{"obr": {"postprocessing": {"nCells": 64000000, "decomposition": {"nSubDomains": 64}, "runs": [{"timestamp": "2023-07-01_08:58:38", "host": "guyot", "MatrixAssemblyU": 943.0271052631579, "MomentumPredictor": 6932.411052631579, "SolveP": 35252.85789473684, "MatrixAssemblyPI:": 1054.8594736842103, "MatrixAssemblyPII:": 297.7382631578947, "TimeStep": 81843.18421052632, "p: update_local_matrix_data:": 145.69315789473686, "p: update_non_local_matrix_data:": 0.9644736842105263, "p_matrix: call_update:": 80.75978947368422, "p_rhs: call_update:": 32.96268421052631, "p: init_precond:": 0.0616842105263158, "p: generate_solver:": 0.002421052631578948, "p: solve:": 34929.41578947368, "p: copy_x_back:": 9.050894736842105, "p: solve_multi_gpu": 35063.53157894737, "init_p": 0.9668777894736843, "init_pFinal": 0.9092560000000001, "final_p": 8.45543052631579e-05, "final_pFinal": 8.60902894736842e-05, "iter_p": 2948.2105263157896, "iter_pFinal": 2924.5789473684213, "cont_error_local": 1.07138e-07, "cont_error_global": 1.41182e-21, "cont_error_cumulative": 3.53342e-20}]}}}