{"obr": {"postprocessing": {"nCells": 64000000, "decomposition": {"nSubDomains": 128}, "runs": [{"timestamp": "2023-07-03_08:36:34", "host": "guyot", "MatrixAssemblyU": 473.81463157894734, "MomentumPredictor": 3451.9784210526313, "SolveP": 7009.222105263158, "MatrixAssemblyPI:": 521.6471052631578, "MatrixAssemblyPII:": 147.99963157894737, "TimeStep": 19011.031578947368, "init_p": 0.9671069473684211, "init_pFinal": 0.9092696842105262, "final_p": 8.545894736842105e-05, "final_pFinal": 8.595174210526318e-05, "iter_p": 28.42105263157895, "iter_pFinal": 27.68421052631579, "cont_error_local": 1.16686e-07, "cont_error_global": 2.1606e-21, "cont_error_cumulative": 3.64468e-20}]}}}