{"obr": {"postprocessing": {"nCells": 64000000, "decomposition": {"nSubDomains": 32}, "runs": [{"timestamp": "2023-07-03_09:12:24", "host": "guyot", "MatrixAssemblyU": 1910.638947368421, "MomentumPredictor": 13825.089473684211, "SolveP": 47876.63157894736, "MatrixAssemblyPI:": 2112.937894736842, "MatrixAssemblyPII:": 620.9163157894736, "TimeStep": 113162.37894736843, "init_p": 0.9657093157894736, "init_pFinal": 0.9092614736842106, "final_p": 7.90683947368421e-05, "final_pFinal": 8.72081947368421e-05, "iter_p": 44.1578947368421, "iter_pFinal": 46.421052631578945, "cont_error_local": 1.35194e-07, "cont_error_global": 8.8012e-22, "cont_error_cumulative": 2.22888e-20}]}}}