{"obr": {"postprocessing": {"nCells": 64000000, "decomposition": {"nSubDomains": 8}, "runs": [{"timestamp": "2023-06-26_14:50:26", "host": "nla-gpu2.ianm.kit.edu", "MatrixAssemblyU": 2079.1900000000005, "MomentumPredictor": 16428.600000000002, "SolveP": 18574.673684210527, "MatrixAssemblyPI:": 2400.438947368421, "MatrixAssemblyPII:": 682.2206315789473, "TimeStep": 65335.8105263158, "p: update_local_matrix_data:": 373.7098421052632, "p: update_non_local_matrix_data:": 1.1574736842105262, "p_matrix: call_update:": 67.24415789473684, "p_rhs: call_update:": 182.99894736842106, "p: init_precond:": 0.048526315789473695, "p: generate_solver:": 0.003315789473684211, "p: solve:": 17810.935789473682, "p: copy_x_back:": 41.31647368421053, "p: solve_multi_gpu": 18096.031578947368, "init_p": 0.9647326842105263, "init_pFinal": 0.9087811052631579, "final_p": 9.072966842105263e-05, "final_pFinal": 9.413067894736841e-05, "iter_p": 2945.5263157894738, "iter_pFinal": 2914.0}]}}}