{"obr": {"postprocessing": {"nCells": 27000000, "decomposition": {"nSubDomains": 8}, "runs": [{"timestamp": "2023-06-26_16:28:16", "host": "nla-gpu2.ianm.kit.edu", "MatrixAssemblyU": 871.973052631579, "MomentumPredictor": 6680.248947368421, "SolveP": 6474.396842105263, "MatrixAssemblyPI:": 988.881842105263, "MatrixAssemblyPII:": 280.4601052631579, "TimeStep": 24114.536842105266, "p: update_local_matrix_data:": 156.59757894736845, "p: update_non_local_matrix_data:": 0.5378947368421053, "p_matrix: call_update:": 29.561263157894736, "p_rhs: call_update:": 71.1328947368421, "p: init_precond:": 0.041473684210526315, "p: generate_solver:": 0.002315789473684211, "p: solve:": 6175.933684210528, "p: copy_x_back:": 15.66215789473684, "p: solve_multi_gpu": 6284.595789473684, "init_p": 0.896197894736842, "init_pFinal": 0.8360673157894737, "final_p": 8.911405263157896e-05, "final_pFinal": 8.847723684210527e-05, "iter_p": 2187.0526315789475, "iter_pFinal": 2179.315789473684}]}}}