{"obr": {"postprocessing": {"nCells": 1000000, "decomposition": {"nSubDomains": 8}, "runs": [{"timestamp": "2023-06-26_16:36:26", "host": "nla-gpu2.ianm.kit.edu", "MatrixAssemblyU": 22.74942105263158, "MomentumPredictor": 177.613, "SolveP": 760.7402105263158, "MatrixAssemblyPI:": 25.43236842105263, "MatrixAssemblyPII:": 8.428842105263156, "TimeStep": 1803.237894736842, "init_p": 0.1447921594736842, "init_pFinal": 0.12702355526315792, "final_p": 9.83319052631579e-05, "final_pFinal": 9.801831578947368e-05, "iter_p": 451.57894736842104, "iter_pFinal": 443.63157894736844, "cont_error_local": 1.59878e-08, "cont_error_global": -1.80491e-21, "cont_error_cumulative": 2.80295e-20}]}}}