{"obr": {"postprocessing": {"nCells": 8000000, "decomposition": {"nSubDomains": 32}, "runs": [{"timestamp": "2023-07-01_12:14:20", "host": "guyot", "MatrixAssemblyU": 234.69836842105263, "MomentumPredictor": 1611.5005263157896, "SolveP": 7062.666315789474, "MatrixAssemblyPI:": 251.32878947368422, "MatrixAssemblyPII:": 71.94642105263158, "TimeStep": 16716.252631578947, "p: update_local_matrix_data:": 41.15578947368421, "p: update_non_local_matrix_data:": 0.3486842105263158, "p_matrix: call_update:": 21.82142105263158, "p_rhs: call_update:": 13.044473684210526, "p: init_precond:": 0.05057894736842104, "p: generate_solver:": 0.0024736842105263167, "p: solve:": 6961.988947368422, "p: copy_x_back:": 2.433631578947369, "p: solve_multi_gpu": 7011.6015789473695, "init_p": 0.4933904736842104, "init_pFinal": 0.44828957894736843, "final_p": 8.170128421052631e-05, "final_pFinal": 8.067284736842104e-05, "iter_p": 1324.0, "iter_pFinal": 1298.4736842105262, "cont_error_local": 2.89061e-09, "cont_error_global": -3.34836e-21, "cont_error_cumulative": -1.09686e-19}]}}}