{"obr": {"postprocessing": {"nCells": 8000000, "decomposition": {"nSubDomains": 64}, "runs": [{"timestamp": "2023-07-01_12:42:37", "host": "guyot", "MatrixAssemblyU": 109.75968421052633, "MomentumPredictor": 728.6923684210527, "SolveP": 13962.591578947367, "MatrixAssemblyPI:": 114.71147368421053, "MatrixAssemblyPII:": 33.80626315789475, "TimeStep": 28735.04210526316, "p: update_local_matrix_data:": 21.04810526315789, "p: update_non_local_matrix_data:": 0.21863157894736843, "p_matrix: call_update:": 27.331263157894735, "p_rhs: call_update:": 8.066947368421053, "p: init_precond:": 0.0803157894736842, "p: generate_solver:": 0.0021578947368421056, "p: solve:": 13880.802631578947, "p: copy_x_back:": 0.9742105263157897, "p: solve_multi_gpu": 13921.678947368418, "init_p": 0.5084570526315789, "init_pFinal": 0.46127315789473683, "final_p": 8.010606842105263e-05, "final_pFinal": 8.025151578947369e-05, "iter_p": 1391.1052631578948, "iter_pFinal": 1349.9473684210527, "cont_error_local": 2.77209e-09, "cont_error_global": -4.02949e-21, "cont_error_cumulative": -1.32588e-19}]}}}