{"obr": {"postprocessing": {"nCells": 8000000, "decomposition": {"nSubDomains": 8}, "runs": [{"timestamp": "2023-06-27_00:51:30", "host": "nla-gpu2.ianm.kit.edu", "MatrixAssemblyU": 262.2952105263157, "MomentumPredictor": 1929.668947368421, "SolveP": 1888.192105263158, "MatrixAssemblyPI:": 285.4547368421052, "MatrixAssemblyPII:": 81.56063157894738, "TimeStep": 6965.224210526317, "p: update_local_matrix_data:": 46.23294736842105, "p: update_non_local_matrix_data:": 0.2316842105263158, "p_matrix: call_update:": 11.260842105263157, "p_rhs: call_update:": 5.483526315789474, "p: init_precond:": 0.039684210526315794, "p: generate_solver:": 0.002052631578947369, "p: solve:": 1808.9503684210522, "p: copy_x_back:": 5.65421052631579, "p: solve_multi_gpu": 1830.701842105263, "init_p": 0.4889627368421053, "init_pFinal": 0.4435441052631579, "final_p": 8.682199473684209e-05, "final_pFinal": 8.741425789473684e-05, "iter_p": 1320.578947368421, "iter_pFinal": 1296.2631578947369, "cont_error_local": 3.02436e-09, "cont_error_global": -1.12515e-21, "cont_error_cumulative": -8.83705e-20}]}}}