{"obr": {"postprocessing": {"nCells": 8000000, "decomposition": {"nSubDomains": 8}, "runs": [{"timestamp": "2023-06-27_01:02:04", "host": "nla-gpu2.ianm.kit.edu", "MatrixAssemblyU": 262.17499999999995, "MomentumPredictor": 1929.3805263157892, "SolveP": 1894.8315789473686, "MatrixAssemblyPI:": 285.4314736842105, "MatrixAssemblyPII:": 81.77826315789476, "TimeStep": 6978.26052631579, "p: update_local_matrix_data:": 46.10221052631579, "p: update_non_local_matrix_data:": 0.2094736842105263, "p_matrix: call_update:": 11.766894736842104, "p_rhs: call_update:": 4.63157894736842, "p: init_precond:": 0.0378421052631579, "p: generate_solver:": 0.0020000000000000005, "p: solve:": 1817.5582105263159, "p: copy_x_back:": 5.059736842105264, "p: solve_multi_gpu": 1838.0426315789473, "init_p": 0.48896284210526314, "init_pFinal": 0.4435441052631579, "final_p": 8.694313684210527e-05, "final_pFinal": 8.726113157894737e-05, "iter_p": 1320.578947368421, "iter_pFinal": 1296.2631578947369, "cont_error_local": 3.02513e-09, "cont_error_global": -4.66017e-21, "cont_error_cumulative": -8.39841e-20}]}}}