{"obr": {"postprocessing": {"nCells": 18921408, "decomposition": {"nSubDomains": 8}, "runs": [{"timestamp": "2023-06-25_20:14:28", "host": "nla-gpu2.ianm.kit.edu", "MatrixAssemblyU": 4416.573145833333, "MomentumPredictor": 4134.311124999999, "SolveP": 1060.8210625, "MatrixAssemblyPI:": 940.1517916666667, "MatrixAssemblyPII:": 490.31762499999996, "TimeStep": 14309.646729166669, "p: update_local_matrix_data:": 117.29991666666668, "p: update_non_local_matrix_data:": 0.20114583333333333, "p_matrix: call_update:": 19.270625, "p_rhs: call_update:": 30.482229166666666, "p: init_precond:": 0.7872500000000001, "p: generate_solver:": 0.00125, "p: solve:": 856.6555, "p: copy_x_back:": 10.958333333333334, "p: solve_multi_gpu": 919.016, "init_p": 0.05686166269241067, "init_pFinal": 0.056588564500885896, "final_p": 0.0005263787430208454, "final_pFinal": 0.0005025650825539531, "iter_p": 396.6666666666667, "iter_pFinal": 378.7083333333333}]}}}