{"obr": {"postprocessing": {"nCells": null, "decomposition": {"nSubDomains": 32}, "runs": [{"timestamp": "2023-06-25_20:40:06", "host": "nla-gpu2.ianm.kit.edu", "MatrixAssemblyU": 779.8797500000001, "MomentumPredictor": 703.5419375, "SolveP": 705.2193541666666, "MatrixAssemblyPI:": 157.09516666666664, "MatrixAssemblyPII:": 75.2709375, "TimeStep": 2948.5006875, "p: update_local_matrix_data:": 21.045958333333335, "p: update_non_local_matrix_data:": 0.13108333333333333, "p_matrix: call_update:": 6.736458333333334, "p_rhs: call_update:": 3.0559375, "p: init_precond:": 0.5881458333333334, "p: generate_solver:": 0.0015625000000000003, "p: solve:": 666.314125, "p: copy_x_back:": 1.530083333333333, "p: solve_multi_gpu": 678.9749583333333, "init_p": 0.056844188539755515, "init_pFinal": 0.0565672131708316, "final_p": 0.0005244438877082059, "final_pFinal": 0.0005009245790309978, "iter_p": 397.4583333333333, "iter_pFinal": 379.375}]}}}