{"obr": {"postprocessing": {"nCells": null, "decomposition": {"nSubDomains": 32}, "runs": [{"timestamp": "2023-06-25_18:59:01", "host": "nla-gpu2.ianm.kit.edu", "MatrixAssemblyU": 417.6977708333333, "MomentumPredictor": 351.9542916666667, "SolveP": 528.7530208333334, "MatrixAssemblyPI:": 78.29210416666668, "MatrixAssemblyPII:": 36.473354166666674, "TimeStep": 1683.5014375000003, "p: update_local_matrix_data:": 11.298541666666667, "p: update_non_local_matrix_data:": 0.11241666666666668, "p_matrix: call_update:": 3.588229166666667, "p_rhs: call_update:": 1.9418125, "p: init_precond:": 0.33172916666666663, "p: generate_solver:": 0.0011875, "p: solve:": 507.32722916666665, "p: copy_x_back:": 0.8413958333333333, "p: solve_multi_gpu": 514.551, "init_p": 0.056871293254409476, "init_pFinal": 0.05658870103157299, "final_p": 0.0004964671383245983, "final_pFinal": 0.0005432371728405822, "iter_p": 350.2916666666667, "iter_pFinal": 372.5833333333333}]}}}