{"obr": {"postprocessing": {"nCells": 6307136, "decomposition": {"nSubDomains": 32}, "runs": [{"timestamp": "2023-06-25_20:43:23", "host": "nla-gpu2.ianm.kit.edu", "MatrixAssemblyU": 413.27760416666666, "MomentumPredictor": 348.07789583333334, "SolveP": 980.8402499999999, "MatrixAssemblyPI:": 77.84272916666666, "MatrixAssemblyPII:": 35.98675, "TimeStep": 2131.745166666667, "init_p": 0.05688519737595859, "init_pFinal": 0.05655850977977959, "final_p": 0.0005605217554170159, "final_pFinal": 0.0005604379695552498, "iter_p": 108.29166666666667, "iter_pFinal": 128.875}]}}}