{"obr": {"postprocessing": {"nCells": 1000000, "decomposition": {"nSubDomains": 32}, "runs": [{"timestamp": "2023-07-02_11:07:22", "host": "guyot", "MatrixAssemblyU": 15.593052631578946, "MomentumPredictor": 78.73915789473685, "SolveP": 228.19252631578948, "MatrixAssemblyPI:": 15.294684210526315, "MatrixAssemblyPII:": 4.519947368421053, "TimeStep": 586.4974210526316, "init_p": 0.14527525263157898, "init_pFinal": 0.12752209789473684, "final_p": 9.748374210526317e-05, "final_pFinal": 9.81878052631579e-05, "iter_p": 490.94736842105266, "iter_pFinal": 445.36842105263156, "cont_error_local": 1.5795e-08, "cont_error_global": 2.14348e-21, "cont_error_cumulative": -6.56231e-20}]}}}