{"obr": {"postprocessing": {"nCells": 8000000, "decomposition": {"nSubDomains": 64}, "runs": [{"timestamp": "2023-07-03_09:11:09", "host": "guyot", "MatrixAssemblyU": 110.02473684210527, "MomentumPredictor": 732.0297368421052, "SolveP": 1220.4963157894738, "MatrixAssemblyPI:": 116.26642105263157, "MatrixAssemblyPII:": 34.04263157894737, "TimeStep": 3497.2036842105263, "init_p": 0.5091600000000001, "init_pFinal": 0.4620625263157894, "final_p": 8.956938947368422e-05, "final_pFinal": 8.859918421052632e-05, "iter_p": 26.842105263157894, "iter_pFinal": 26.68421052631579, "cont_error_local": 3.90045e-09, "cont_error_global": -6.13427e-21, "cont_error_cumulative": -1.39247e-19}]}}}