{"obr": {"postprocessing": {"nCells": 64000000, "decomposition": {"nSubDomains": 32}, "runs": [{"timestamp": "2023-06-26_16:37:06", "host": "nla-gpu2.ianm.kit.edu", "MatrixAssemblyU": 514.1067368421052, "MomentumPredictor": 4831.203684210527, "SolveP": 14254.372631578944, "MatrixAssemblyPI:": 581.747947368421, "MatrixAssemblyPII:": 162.93599999999998, "TimeStep": 36013.62105263158, "p: update_local_matrix_data:": 94.26036842105263, "p: update_non_local_matrix_data:": 0.5062105263157894, "p_matrix: call_update:": 33.683684210526316, "p_rhs: call_update:": 25.222894736842107, "p: init_precond:": 0.06421052631578947, "p: generate_solver:": 0.005526315789473685, "p: solve:": 14074.016842105264, "p: copy_x_back:": 7.940684210526316, "p: solve_multi_gpu": 14132.688947368422, "init_p": 0.9655792105263159, "init_pFinal": 0.9089363157894738, "final_p": 8.961874210526314e-05, "final_pFinal": 9.33578052631579e-05, "iter_p": 2939.2105263157896, "iter_pFinal": 2919.9473684210525}]}}}