{"obr": {"postprocessing": {"nCells": 64000000, "decomposition": {"nSubDomains": 128}, "runs": [{"timestamp": "2023-07-02_00:15:54", "host": "guyot", "MatrixAssemblyU": 472.86300000000006, "MomentumPredictor": 3422.995789473684, "SolveP": 154892.45263157896, "MatrixAssemblyPI:": 519.8525263157895, "MatrixAssemblyPII:": 147.65931578947368, "TimeStep": 310660.0, "init_p": 0.967015894736842, "init_pFinal": 0.9089546842105265, "final_p": 9.912604210526315e-05, "final_pFinal": 9.91186052631579e-05, "iter_p": 2911.4210526315787, "iter_pFinal": 2831.0526315789475, "cont_error_local": 1.35689e-07, "cont_error_global": 1.75176e-21, "cont_error_cumulative": 4.66808e-20}]}}}