{"obr": {"postprocessing": {"nCells": 27000000, "decomposition": {"nSubDomains": 8}, "runs": [{"timestamp": "2023-07-01_10:47:37", "host": "guyot", "MatrixAssemblyU": 1739.7394736842107, "MomentumPredictor": 12779.757894736844, "SolveP": 6663.417894736843, "MatrixAssemblyPI:": 2010.22, "MatrixAssemblyPII:": 590.552, "TimeStep": 35011.13684210526, "p: update_local_matrix_data:": 302.7662631578948, "p: update_non_local_matrix_data:": 1.1233157894736843, "p_matrix: call_update:": 116.7348947368421, "p_rhs: call_update:": 15.402842105263158, "p: init_precond:": 0.029, "p: generate_solver:": 0.0017368421052631584, "p: solve:": 6135.252105263158, "p: copy_x_back:": 30.649421052631578, "p: solve_multi_gpu": 6299.506842105263, "init_p": 0.8962166315789474, "init_pFinal": 0.8360836315789473, "final_p": 9.294821578947367e-05, "final_pFinal": 9.157955789473685e-05, "iter_p": 2190.4736842105262, "iter_pFinal": 2178.157894736842, "cont_error_local": 1.38845e-08, "cont_error_global": 1.35347e-21, "cont_error_cumulative": 2.65207e-20}]}}}