{"obr": {"postprocessing": {"nCells": 1000000, "decomposition": {"nSubDomains": 16}, "runs": [{"timestamp": "2023-06-26_11:51:48", "host": "nla-gpu2.ianm.kit.edu", "MatrixAssemblyU": 9.118894736842105, "MomentumPredictor": 73.25457894736842, "SolveP": 396.5295789473684, "MatrixAssemblyPI:": 12.391578947368421, "MatrixAssemblyPII:": 5.219, "TimeStep": 893.8250000000002, "init_p": 0.14497804578947368, "init_pFinal": 0.12720612263157896, "final_p": 9.739740526315789e-05, "final_pFinal": 9.778113684210525e-05, "iter_p": 491.2105263157895, "iter_pFinal": 445.4736842105263}]}}}