{"obr": {"postprocessing": {"nCells": 64000000, "decomposition": {"nSubDomains": 64}, "runs": [{"timestamp": "2023-07-03_08:19:39", "host": "guyot", "MatrixAssemblyU": 949.0035789473686, "MomentumPredictor": 6920.228421052631, "SolveP": 20112.194736842106, "MatrixAssemblyPI:": 1059.2368421052631, "MatrixAssemblyPII:": 298.77663157894733, "TimeStep": 50504.42105263159, "init_p": 0.9669723684210525, "init_pFinal": 0.9095333684210525, "final_p": 8.136294210526314e-05, "final_pFinal": 8.325228947368422e-05, "iter_p": 39.473684210526315, "iter_pFinal": 39.94736842105263, "cont_error_local": 1.09119e-07, "cont_error_global": 1.26724e-21, "cont_error_cumulative": 3.56013e-20}]}}}