{"obr": {"postprocessing": {"nCells": null, "decomposition": {"nSubDomains": 32}, "runs": [{"timestamp": "2023-06-25_20:09:54", "host": "nla-gpu2.ianm.kit.edu", "MatrixAssemblyU": 780.9787916666668, "MomentumPredictor": 701.2691875, "SolveP": 2144.9210625, "MatrixAssemblyPI:": 156.30112499999998, "MatrixAssemblyPII:": 78.84075, "TimeStep": 4393.649541666667, "init_p": 0.056728290686971765, "init_pFinal": 0.05673520121036583, "final_p": 0.0005587239334627346, "final_pFinal": 0.0005573498627086286, "iter_p": 113.66666666666667, "iter_pFinal": 126.29166666666667}]}}}