{"obr": {"postprocessing": {"nCells": 27000000, "decomposition": {"nSubDomains": 128}, "runs": [{"timestamp": "2023-07-01_20:20:43", "host": "guyot", "MatrixAssemblyU": 200.70600000000002, "MomentumPredictor": 1341.9642105263158, "SolveP": 36645.915789473685, "MatrixAssemblyPI:": 211.26421052631576, "MatrixAssemblyPII:": 60.116736842105254, "TimeStep": 75469.52631578948, "init_p": 0.9035248421052632, "init_pFinal": 0.8414470000000001, "final_p": 9.849645789473686e-05, "final_pFinal": 9.87651e-05, "iter_p": 2169.8947368421054, "iter_pFinal": 2167.5789473684213, "cont_error_local": 1.47176e-08, "cont_error_global": 1.87953e-21, "cont_error_cumulative": 1.89761e-20}]}}}