{"obr": {"postprocessing": {"nCells": 27000000, "decomposition": {"nSubDomains": 32}, "runs": [{"timestamp": "2023-06-27_08:23:26", "host": "nla-gpu2.ianm.kit.edu", "MatrixAssemblyU": 218.12105263157895, "MomentumPredictor": 1617.094210526316, "SolveP": 54241.768421052635, "MatrixAssemblyPI:": 241.4861052631579, "MatrixAssemblyPII:": 69.85236842105263, "TimeStep": 110852.87894736843, "init_p": 0.8985643157894738, "init_pFinal": 0.838336052631579, "final_p": 9.863897368421053e-05, "final_pFinal": 9.854682105263158e-05, "iter_p": 2176.5263157894738, "iter_pFinal": 2170.1052631578946, "cont_error_local": 1.43281e-08, "cont_error_global": 3.08725e-22, "cont_error_cumulative": 1.87621e-20}]}}}