{"obr": {"postprocessing": {"nCells": 6307136, "decomposition": {"nSubDomains": 8}, "runs": [{"timestamp": "2023-06-25_18:01:09", "host": "nla-gpu2.ianm.kit.edu", "MatrixAssemblyU": 1440.2907083333332, "MomentumPredictor": 1367.9702291666665, "SolveP": 4652.892604166666, "MatrixAssemblyPI:": 308.16633333333334, "MatrixAssemblyPII:": 151.04712500000002, "TimeStep": 8965.4885625, "init_p": 0.056742491060035795, "init_pFinal": 0.056779396489337795, "final_p": 0.0005608424047525651, "final_pFinal": 0.0005603053844258417, "iter_p": 120.91666666666667, "iter_pFinal": 125.04166666666667}]}}}